,label,nbPixels,meanB0,varB0,mean__012019,nan___012019,mean_div_std,mean__022019,nan___022019,mean_div_std,mean__032019,nan___032019,mean_div_std,mean__042019,nan___042019,mean_div_std,mean__052019,nan___052019,mean_div_std,mean__062019,nan___062019,mean_div_std,mean__072019,nan___072019,mean_div_std,mean__082019,nan___082019,mean_div_std,mean__092019,nan___092019,mean_div_std,mean__102019,nan___102019,mean_div_std,mean__112019,nan___112019,mean_div_std,mean__122019,nan___122019,mean_div_std,mean__012020,nan___012020,mean_div_std,mean__022020,nan___022020,mean_div_std,mean__032020,nan___032020,mean_div_std,mean__042020,nan___042020,mean_div_std,mean__052020,nan___052020,mean_div_std,mean__062020,nan___062020,mean_div_std,mean__072020,nan___072020,mean_div_std,mean__082020,nan___082020,mean_div_std,mean__092020,nan___092020,mean_div_std,mean__102020,nan___102020,mean_div_std,mean__112020,nan___112020,mean_div_std,mean__122020,nan___122020,mean_div_std,mean__012021,nan___012021,mean_div_std,mean__022021,nan___022021,mean_div_std,mean__032021,nan___032021,mean_div_std,mean__042021,nan___042021,mean_div_std,mean__052021,nan___052021,mean_div_std,mean__062021,nan___062021,mean_div_std,mean__072021,nan___072021,mean_div_std,mean__082021,nan___082021,mean_div_std,mean__092021,nan___092021,mean_div_std,mean__102021,nan___102021,mean_div_std,mean__112021,nan___112021,mean_div_std,mean__122021,nan___122021,mean_div_std,mean__012022,nan___012022,mean_div_std,mean__022022,nan___022022,mean_div_std,mean__032022,nan___032022,mean_div_std
0,142,194,0.281380951404572,0.001297718496062,0.0599,0,2.6932,0.0568,0,3.1573,0.0575,0,3.4886,0.0633,0,4.0495,0.1055,0,2.5986,0.153,0,3.9394,0.1689,0,2.9812,0.1684,0,3.1402,0.1529,0,2.854,0.1578,0,3.8207,0.1284,0,3.2194,0.0902,0,3.6595,0.0651,0,3.6775,0.0559,0,3.1194,0.0563,0,3.3634,0.0706,0,2.5162,0.0731,0,2.6544,0.1267,0,3.5417,0.1728,0,3.0633,0.1425,0,2.9304,0.1631,0,3.6236,0.1523,0,3.4618,0.102,0,3.8258,0.0603,0,2.9189,0.0562,0,2.9529,0.0511,0,2.5739,0.0716,0,3.1017,0.0717,0,2.7849,0.1038,0,3.4343,0.1044,0,2.8431,0.0959,0,3.6797,0.1419,0,3.1981,0.1597,0,3.063,0.1286,0,3.5758,0.0926,0,2.8037,0.0702,0,3.7633,0.0512,0,2.3823,0.049,0,3.3887,0.0483,0,2.8351
1,691,203,0.396434605121613,0.000726359896362,0.0806,0,3.1172,0.0718,0,2.6273,0.0898,0,3.7597,0.0883,0,3.9837,0.1283,0,2.4879,0.1856,0,5.0446,0.1907,0,3.4181,0.1804,0,4.3076,0.1736,0,4.0241,0.1963,0,4.3539,0.1639,0,3.1749,0.1331,0,4.1898,0.0973,0,3.9682,0.0757,0,3.7333,0.0923,0,4.2,0.093,0,3.4575,0.1109,0,3.8768,0.1527,0,3.024,0.1914,0,4.6293,0.1773,0,3.496,0.1776,0,3.8665,0.1788,0,3.5399,0.143,0,4.1195,0.0888,0,3.5945,0.0748,0,3.3763,0.0668,0,3.0401,0.0907,0,3.7431,0.0959,0,3.5674,0.1356,0,3.3336,0.1558,0,3.553,0.1209,0,3.1839,0.1656,0,5.1264,0.1877,0,4.1564,0.175,0,3.5821,0.1375,0,3.1266,0.1014,0,3.9207,0.0762,0,3.3852,0.0677,0,4.0254,0.0751,0,3.2929
2,1438,146,0.475725680589676,0.001316017936915,0.1023,0,3.3669,0.099,0,3.0131,0.0952,0,3.9332,0.1128,0,3.5941,0.1383,0,2.3318,0.1813,0,3.6186,0.2065,0,3.8498,0.2205,0,4.2872,0.1794,0,2.8582,0.2002,0,3.7666,0.1813,0,3.7584,0.1327,0,3.4185,0.1188,0,3.5061,0.1118,0,3.053,0.1117,0,4.0558,0.1289,0,3.4695,0.1252,0,4.1028,0.1679,0,3.2333,0.1872,0,3.6323,0.1941,0,2.9366,0.1759,0,3.7194,0.1858,0,3.2875,0.144,0,4.5789,0.1184,0,2.9517,0.1073,0,3.698,0.0931,0,3.3548,0.1246,0,4.3217,0.1122,0,3.8326,0.1472,0,3.6344,0.1556,0,3.9521,0.149,0,3.1672,0.1575,0,3.2716,0.1948,0,3.0823,0.1698,0,3.9769,0.143,0,3.6265,0.1344,0,4.3623,0.1081,0,2.9058,0.1015,0,3.4625,0.0972,0,2.9639
3,725,253,0.266990721225739,0.000926131266169,0.054,0,3.1446,0.0501,0,3.2288,0.0515,0,3.3508,0.0565,0,3.6548,0.1038,0,1.9203,0.1506,0,3.6846,0.1372,0,3.0458,0.1474,0,3.913,0.1353,0,4.2443,0.1551,0,3.7736,0.1297,0,2.4512,0.093,0,3.4599,0.0632,0,3.7565,0.0626,0,2.9208,0.0567,0,3.1116,0.063,0,2.8215,0.0725,0,3.9935,0.1214,0,3.298,0.1569,0,3.5286,0.1249,0,2.7266,0.1312,0,3.4738,0.1363,0,3.7858,0.0837,0,3.5165,0.0537,0,3.0078,0.0516,0,3.1238,0.049,0,3.041,0.0619,0,3.4662,0.0562,0,2.9688,0.0709,0,3.8661,0.0908,0,3.5585,0.0872,0,2.9023,0.128,0,3.8162,0.157,0,3.1901,0.1246,0,4.529,0.0842,0,3.3259,0.0575,0,3.4585,0.0485,0,3.1692,0.0478,0,3.0282,0.0441,0,2.4791
4,336,313,0.34716135263443,0.000723276403733,0.0721,0,2.6543,0.068,0,3.2583,0.0698,0,3.4988,0.0735,0,3.305,0.1223,0,2.3804,0.1642,0,3.5295,0.1758,0,3.2879,0.1818,0,3.5726,0.1669,0,3.1644,0.1781,0,3.9261,0.1482,0,3.3,0.1077,0,3.228,0.0764,0,3.077,0.0678,0,2.5462,0.0743,0,3.3036,0.0792,0,2.9903,0.0927,0,3.0966,0.1384,0,3.3921,0.1773,0,4.1111,0.1504,0,2.8671,0.1602,0,3.7913,0.1767,0,3.3623,0.1176,0,3.5798,0.0821,0,3.0555,0.0686,0,3.3256,0.0582,0,2.3944,0.0821,0,3.8818,0.0831,0,2.9201,0.1089,0,3.3913,0.1255,0,3.6128,0.106,0,2.7965,0.1462,0,3.7856,0.1873,0,3.7809,0.1416,0,3.9352,0.1167,0,2.9386,0.0804,0,3.9226,0.0644,0,2.2955,0.0605,0,3.2526,0.0585,0,2.8735
5,1858,272,0.296376079320908,0.001529820263386,0.0616,0,2.4623,0.0567,0,2.5455,0.0567,0,2.9046,0.0636,0,2.9873,0.1247,0,1.3941,0.1575,0,3.3714,0.1752,0,2.6514,0.1658,0,2.9078,0.1719,0,2.1229,0.1677,0,3.4246,0.1625,0,3.3296,0.0901,0,2.832,0.066,0,3.0848,0.059,0,2.1097,0.0534,0,3.0653,0.0692,0,2.552,0.078,0,2.7711,0.1372,0,2.6156,0.151,0,4.1334,0.1288,0,2.9989,0.1358,0,3.144,0.1367,0,3.3356,0.0881,0,3.266,0.0628,0,2.2488,0.0532,0,2.4798,0.0554,0,2.0406,0.0689,0,2.4591,0.0601,0,2.0664,0.0799,0,2.6369,0.0952,0,2.7931,0.0971,0,2.3597,0.1206,0,3.1221,0.1675,0,2.7722,0.1387,0,3.312,0.087,0,2.8815,0.0654,0,2.8848,0.0499,0,2.4442,0.052,0,2.0941,0.0566,0,1.8931
6,3319,213,0.414361655712128,0.001135682105087,0.0984,0,2.6854,0.0884,0,2.8505,0.0782,0,3.7327,0.0875,0,3.9221,0.1358,0,2.6409,0.1579,0,3.742,0.1783,0,3.6216,0.1913,0,3.6589,0.1527,0,3.1349,0.1818,0,3.5577,0.164,0,3.1656,0.1239,0,3.9682,0.0998,0,3.1862,0.1065,0,2.316,0.0909,0,3.6707,0.1076,0,3.081,0.1033,0,4.2568,0.1522,0,3.4463,0.1858,0,3.7578,0.1568,0,3.0236,0.1723,0,3.5894,0.1837,0,3.4096,0.1214,0,3.6861,0.115,0,2.7921,0.093,0,3.6341,0.082,0,2.8801,0.1057,0,3.5231,0.1001,0,3.3014,0.13,0,3.7165,0.1328,0,4.4889,0.1217,0,2.9398,0.1509,0,3.581,0.2017,0,3.492,0.1607,0,4.3856,0.1111,0,2.7236,0.1041,0,3.3866,0.0822,0,3.1222,0.0838,0,3.3998,0.0838,0,2.4663
7,5400,150,0.343790620565414,0.000700188975316,0.0811,0,2.717,0.069,0,2.9434,0.0829,0,3.5477,0.0779,0,3.8635,0.1225,0,2.5125,0.1366,0,3.6474,0.1688,0,3.5719,0.1731,0,4.9462,0.1679,0,3.8145,0.1655,0,4.1195,0.1343,0,3.4407,0.1175,0,3.3105,0.0777,0,3.3269,0.0717,0,3.0278,0.075,0,3.6004,0.0853,0,2.7452,0.0845,0,3.4988,0.1511,0,3.2957,0.1757,0,4.317,0.1429,0,3.2131,0.1413,0,3.9343,0.1613,0,3.4711,0.1125,0,3.5126,0.0979,0,3.1859,0.0746,0,3.4956,0.0625,0,2.9007,0.0853,0,3.535,0.0764,0,3.3628,0.1087,0,3.6786,0.1186,0,3.9812,0.0977,0,2.9244,0.1323,0,4.0316,0.1653,0,3.1287,0.1368,0,3.227,0.1024,0,4.1312,0.0789,0,3.1114,0.0714,0,2.8739,0.0604,0,2.0484,0.0704,0,2.122
8,4973,150,0.325396716594696,0.000500205380376,0.0724,0,2.7075,0.0625,0,3.606,0.0842,0,3.0739,0.0928,0,4.5566,0.1135,0,2.6562,0.1686,0,4.7776,0.2041,0,3.2054,0.2038,0,3.7217,0.2049,0,3.522,0.2008,0,3.9398,0.1832,0,3.197,0.1395,0,3.9259,0.0868,0,3.9643,0.0831,0,2.4594,0.0778,0,4.076,0.0912,0,2.8546,0.1032,0,3.279,0.1742,0,3.841,0.1761,0,3.3574,0.1646,0,3.8605,0.1944,0,3.6192,0.1752,0,3.7341,0.1198,0,3.9654,0.0971,0,3.4926,0.0759,0,3.5499,0.0636,0,2.9716,0.1,0,2.6762,0.0857,0,2.6464,0.1086,0,4.2874,0.1295,0,3.4049,0.1128,0,3.1913,0.1558,0,3.6259,0.1841,0,3.4849,0.1587,0,4.521,0.1039,0,3.3321,0.0879,0,4.7037,0.0718,0,3.182,0.0637,0,4.1066,0.0681,0,3.7056
9,3668,270,0.283464103937149,0.000546855968423,0.0578,0,3.2415,0.0559,0,3.0157,0.0608,0,3.5694,0.0792,0,3.993,0.1213,0,2.0046,0.1635,0,3.6624,0.1635,0,2.655,0.1739,0,4.4918,0.1686,0,3.6084,0.1739,0,3.9908,0.1611,0,2.867,0.102,0,3.6067,0.0698,0,3.7665,0.0655,0,2.7448,0.071,0,3.6913,0.0849,0,3.139,0.0967,0,3.8752,0.1502,0,3.0364,0.1524,0,3.9428,0.1366,0,3.1971,0.1591,0,3.5875,0.1626,0,3.3445,0.1163,0,3.7216,0.0715,0,2.7661,0.0671,0,3.3855,0.0578,0,2.9511,0.0824,0,3.5307,0.0777,0,2.9908,0.0984,0,3.4972,0.121,0,3.5838,0.0898,0,2.5518,0.1486,0,3.6113,0.2005,0,3.3135,0.1433,0,4.1624,0.1109,0,3.3947,0.0749,0,3.9228,0.0716,0,3.1851,0.0653,0,3.4951,0.0523,0,2.975
10,4778,158,0.272913962602615,0.000890312658157,0.0569,0,2.9421,0.0514,0,2.5529,0.0587,0,2.9821,0.0686,0,4.1682,0.1255,0,2.3324,0.1511,0,4.4015,0.2785,0,3.0482,0.213,0,3.1931,0.173,0,3.0211,0.194,0,3.3908,0.1474,0,3.3072,0.1092,0,4.0083,0.0668,0,3.5913,0.058,0,2.454,0.0643,0,2.6117,0.0739,0,2.832,0.0815,0,3.3129,0.1496,0,2.9013,0.2139,0,3.7499,0.1628,0,3.4245,0.1607,0,5.0153,0.1488,0,4.0682,0.0961,0,4.3846,0.0761,0,3.3243,0.0618,0,3.7653,0.0579,0,2.9482,0.0855,0,3.1258,0.0622,0,3.2319,0.1098,0,4.1185,0.1032,0,3.7598,0.1049,0,3.4923,0.16,0,3.8499,0.2275,0,3.7412,0.1511,0,3.6866,0.102,0,2.6367,0.0709,0,3.1218,0.0675,0,2.9495,0.0592,0,3.9045,0.0618,0,2.811
11,3683,280,0.33478057384491,0.001002615899779,0.0851,0,2.6721,0.075,0,2.7642,0.0817,0,2.6169,0.09,0,2.7193,0.1612,0,2.1201,0.1837,0,3.2568,0.187,0,2.4872,0.2058,0,3.2222,0.1774,0,2.8934,0.1936,0,3.1415,0.1784,0,2.5669,0.1256,0,2.9592,0.0985,0,3.2453,0.0886,0,2.5163,0.1002,0,2.9224,0.1107,0,1.9806,0.1179,0,2.7178,0.1659,0,2.2549,0.1989,0,2.9529,0.1795,0,2.8889,0.1832,0,2.9187,0.1775,0,3.0256,0.1348,0,2.9252,0.1038,0,2.6401,0.0817,0,3.0693,0.0777,0,2.5344,0.109,0,2.9286,0.1049,0,2.1956,0.149,0,2.2448,0.1524,0,3.2902,0.1279,0,2.08,0.1662,0,3.4528,0.2201,0,3.221,0.1585,0,3.7371,0.1328,0,3.0088,0.1035,0,3.2305,0.0799,0,2.6567,0.0749,0,3.1166,0.0856,0,2.5346
12,5062,172,0.243928015232086,0.000810695695691,0.0501,0,1.8239,0.0484,0,1.5446,0.0577,0,1.166,0.0637,0,1.0589,0.1135,0,1.5368,0.1594,0,2.3223,0.1686,0,2.7938,0.1494,0,2.767,0.1567,0,3.2006,0.1427,0,4.3916,0.1296,0,2.8976,0.0785,0,2.1315,0.0605,0,1.3039,0.0571,0,1.092,0.0679,0,0.8958,0.0625,0,1.4621,0.0758,0,1.6267,0.1647,0,2.5443,0.1843,0,3.224,0.176,0,2.0462,0.1534,0,1.9532,0.1389,0,2.0627,0.078,0,2.458,0.0573,0,1.764,0.0616,0,2.075,0.0572,0,1.8441,0.0867,0,2.0092,0.0752,0,2.144,0.1148,0,2.6278,0.14,0,2.2931,0.1025,0,2.0821,0.1672,0,1.6449,0.1942,0,2.2322,0.1259,0,2.7204,0.0826,0,2.8324,0.0655,0,2.0152,0.0668,0,1.4747,0.063,0,1.7844,0.0709,0,1.2032
13,7418,181,0.290531784296036,0.000361140555469,0.071,0,3.4912,0.0674,0,3.1089,0.0645,0,3.5129,0.0862,0,3.9716,0.128,0,2.4188,0.1408,0,4.2729,0.2189,0,2.6825,0.1663,0,3.5396,0.1582,0,2.5838,0.1808,0,3.5045,0.1395,0,3.3651,0.108,0,3.7113,0.0788,0,3.8244,0.0778,0,2.6336,0.0686,0,4.1507,0.0773,0,3.0602,0.0973,0,4.7593,0.1537,0,3.2397,0.1718,0,4.0098,0.1237,0,3.1251,0.1501,0,3.9242,0.1494,0,3.6178,0.1078,0,3.9434,0.0819,0,2.806,0.0691,0,2.9388,0.0586,0,2.5465,0.0696,0,3.6804,0.0665,0,2.6273,0.1088,0,4.2732,0.1031,0,3.4077,0.0866,0,2.9423,0.1396,0,3.374,0.1848,0,3.8829,0.14,0,4.0231,0.1052,0,2.9365,0.0643,0,4.1568,0.0594,0,3.4888,0.0613,0,3.1948,0.0651,0,2.3634
14,2980,346,0.245385780930519,0.000313374621328,0.0491,0,2.7735,0.0456,0,2.2098,0.0458,0,2.1295,0.0532,0,2.2774,0.0881,0,2.1251,0.1318,0,3.3021,0.1522,0,3.2976,0.1465,0,3.9719,0.1362,0,3.4185,0.1425,0,3.8957,0.1391,0,2.6921,0.0807,0,3.1415,0.0533,0,2.15,0.0506,0,1.9458,0.0492,0,1.4629,0.0472,0,2.1601,0.0638,0,2.6976,0.1312,0,2.5085,0.1658,0,3.6857,0.1596,0,2.5989,0.14,0,2.8186,0.1533,0,2.4528,0.081,0,3.3285,0.0561,0,2.2638,0.0497,0,2.179,0.0461,0,2.084,0.0697,0,2.3636,0.0538,0,2.5959,0.0981,0,2.0592,0.103,0,2.4878,0.0802,0,1.9242,0.1446,0,1.6181,0.1727,0,1.7086,0.1317,0,2.8913,0.092,0,2.5255,0.0559,0,2.0139,0.0464,0,1.8466,0.0424,0,1.8192,0.0414,0,1.5881
15,7006,207,0.244445875287056,0.000778675079346,0.0595,0,1.9051,0.0597,0,2.2441,0.0604,0,2.6482,0.0798,0,3.0691,0.1403,0,2.1915,0.1431,0,4.1316,0.1869,0,2.6921,0.1596,0,4.1978,0.1376,0,3.1616,0.1239,0,3.434,0.1093,0,3.7728,0.0831,0,3.1743,0.0583,0,1.6035,0.0603,0,1.5194,0.0664,0,2.0062,0.0719,0,2.5721,0.0856,0,4.4546,0.1551,0,2.4556,0.1691,0,2.4713,0.1243,0,2.7588,0.1305,0,2.7496,0.1183,0,2.6027,0.0772,0,3.726,0.055,0,2.5062,0.0466,0,2.3765,0.0441,0,2.1641,0.0607,0,3.0578,0.0512,0,2.3374,0.1042,0,2.4659,0.1109,0,2.9396,0.0932,0,3.0988,0.1303,0,3.5754,0.167,0,3.7835,0.1353,0,3.2393,0.09,0,3.1082,0.0571,0,2.9765,0.0488,0,2.7665,0.0451,0,2.5763,0.044,0,2.4624
16,6359,113,0.291055351495743,0.000510931015015,0.0552,0,3.1818,0.0504,0,2.1106,0.0529,0,3.3801,0.0601,0,2.9592,0.09,0,2.6357,0.1359,0,4.0898,0.1565,0,3.2325,0.1571,0,4.2044,0.1579,0,3.6435,0.1547,0,4.6154,0.1218,0,3.4754,0.0792,0,3.8748,0.0609,0,2.6844,0.0582,0,2.1083,0.059,0,3.0717,0.0702,0,2.5928,0.0674,0,3.5581,0.1369,0,2.8085,0.1438,0,3.8259,0.1368,0,3.0015,0.1482,0,3.8012,0.148,0,3.5506,0.1043,0,3.996,0.0534,0,3.2763,0.0625,0,2.5439,0.0585,0,2.4823,0.064,0,4.5996,0.0674,0,3.4036,0.0923,0,3.3478,0.0906,0,3.4615,0.0869,0,2.7465,0.1152,0,3.5683,0.1378,0,3.6309,0.1214,0,3.8056,0.085,0,2.5087,0.0526,0,3.7242,0.0439,0,2.9402,0.0424,0,3.3296,0.0412,0,3.6553
17,6118,173,0.320237785577774,0.000734307046514,0.0787,0,3.899,0.0795,0,2.5566,0.0762,0,3.0867,0.0953,0,3.8986,0.1283,0,2.4692,0.1619,0,3.641,0.1996,0,3.023,0.187,0,4.1507,0.1864,0,3.4345,0.1851,0,4.1294,0.1527,0,3.4834,0.1205,0,3.0787,0.0965,0,3.3433,0.0883,0,2.7792,0.0911,0,3.1435,0.0905,0,3.395,0.1127,0,2.4411,0.178,0,2.6572,0.1934,0,4.4267,0.1435,0,3.0423,0.1602,0,2.8276,0.1774,0,3.2939,0.1041,0,4.1274,0.0937,0,3.0869,0.077,0,3.5786,0.0695,0,2.9248,0.0921,0,3.1676,0.08,0,3.0542,0.1237,0,3.0943,0.1209,0,3.6668,0.1047,0,3.2745,0.1417,0,3.6208,0.1978,0,3.0651,0.1447,0,3.2506,0.1186,0,3.4706,0.0918,0,3.2555,0.0834,0,2.627,0.0658,0,3.0878,0.0684,0,2.7911
18,7274,198,0.387041389942169,0.001026560203172,0.0775,0,2.7251,0.0884,0,2.6822,0.0951,0,2.9557,0.0914,0,3.477,0.129,0,2.8799,0.1789,0,3.662,0.2017,0,3.7256,0.1998,0,3.8178,0.1884,0,3.0586,0.1769,0,3.0838,0.1686,0,3.2966,0.1289,0,3.7058,0.0969,0,3.4108,0.0886,0,2.6138,0.1103,0,2.6607,0.1067,0,2.7304,0.117,0,3.7075,0.1827,0,2.8036,0.2011,0,4.2215,0.1743,0,3.0162,0.1937,0,2.9679,0.2056,0,3.0346,0.1544,0,3.2281,0.1074,0,3.005,0.0892,0,3.3821,0.0823,0,2.6055,0.1001,0,3.7657,0.1132,0,2.7631,0.1504,0,3.1904,0.1488,0,2.7875,0.1442,0,2.9307,0.1753,0,3.7275,0.2175,0,3.7962,0.1684,0,4.1812,0.1348,0,2.8889,0.0938,0,3.6704,0.0927,0,2.5904,0.076,0,2.7088,0.1011,0,3.2956
19,9219,135,0.287960797548294,0.001451734337024,0.0574,0,2.6085,0.0582,0,2.8771,0.0626,0,2.3211,0.0709,0,2.7909,0.1057,0,2.4187,0.1336,0,3.4939,0.1592,0,3.705,0.1659,0,4.481,0.1395,0,3.0076,0.1687,0,3.3382,0.1111,0,3.4896,0.0857,0,3.0425,0.0652,0,2.5243,0.0605,0,1.8565,0.064,0,2.4329,0.0649,0,1.7393,0.0807,0,2.9589,0.1293,0,3.1392,0.1679,0,3.3348,0.1172,0,2.5472,0.1434,0,3.3105,0.1402,0,2.8291,0.092,0,3.5621,0.0553,0,2.3114,0.0516,0,2.8232,0.0521,0,2.4923,0.0658,0,2.0978,0.0618,0,2.0269,0.0981,0,4.6732,0.1084,0,3.5181,0.0985,0,2.9029,0.156,0,3.4944,0.1872,0,3.64,0.137,0,3.3829,0.1074,0,3.3039,0.062,0,2.7333,0.0559,0,2.1016,0.0585,0,2.0517,0.0604,0,1.9517
20,6836,154,0.268780559301376,0.000548481184524,0.0528,0,3.133,0.0564,0,3.6063,0.0611,0,3.5542,0.0852,0,3.6627,0.1213,0,2.3217,0.1515,0,3.3786,0.2692,0,2.3499,0.2146,0,2.3648,0.1756,0,2.8187,0.1828,0,2.4469,0.1231,0,3.1023,0.0861,0,4.4537,0.0608,0,4.0952,0.0633,0,2.2614,0.0703,0,3.3065,0.0801,0,2.8075,0.0881,0,3.2343,0.1988,0,2.1521,0.1619,0,3.6188,0.1444,0,2.5683,0.1271,0,4.0133,0.1192,0,3.121,0.0907,0,3.403,0.071,0,3.241,0.0542,0,3.9631,0.0501,0,2.342,0.0701,0,3.1895,0.0537,0,2.933,0.0947,0,3.3108,0.1116,0,3.7087,0.0853,0,3.0381,0.135,0,3.6544,0.1665,0,2.5438,0.1247,0,2.7557,0.0851,0,3.0168,0.0557,0,3.0074,0.0458,0,2.9654,0.0466,0,2.1779,0.0395,0,3.153
21,6877,138,0.425865918397903,0.001413428923115,0.1031,0,3.338,0.1101,0,2.7289,0.116,0,2.9661,0.1128,0,3.7489,0.1572,0,2.7522,0.1712,0,3.7055,0.1846,0,3.5031,0.1938,0,4.4454,0.2052,0,3.95,0.178,0,3.1515,0.1668,0,3.2855,0.1207,0,4.3073,0.111,0,3.8924,0.1106,0,3.3722,0.1298,0,3.8166,0.1167,0,3.2498,0.1311,0,3.7896,0.2037,0,2.7403,0.2324,0,3.4123,0.1768,0,2.9951,0.177,0,3.5192,0.1778,0,3.7957,0.143,0,3.1305,0.1173,0,3.164,0.1129,0,2.9046,0.094,0,3.3407,0.1273,0,4.9459,0.1254,0,3.2349,0.1494,0,3.4556,0.1492,0,3.9535,0.1353,0,2.797,0.1631,0,3.5262,0.2186,0,2.4605,0.1806,0,4.4644,0.1357,0,3.1956,0.128,0,2.9171,0.1027,0,2.9437,0.1067,0,4.068,0.1013,0,2.9349
22,6985,255,0.243106693029404,0.000500953115989,0.0525,0,2.1806,0.0449,0,2.5022,0.0492,0,3.2179,0.0675,0,3.4144,0.1197,0,2.3325,0.1425,0,4.095,0.1522,0,3.9611,0.1519,0,3.9325,0.1538,0,3.2212,0.1554,0,3.5816,0.0996,0,3.6811,0.074,0,3.4577,0.0516,0,3.1316,0.0501,0,2.8856,0.0536,0,3.0195,0.0641,0,2.3377,0.0921,0,2.732,0.1485,0,3.2606,0.1532,0,2.6245,0.093,0,2.9942,0.111,0,3.0169,0.1117,0,2.7158,0.0693,0,3.0282,0.0468,0,2.9198,0.0429,0,2.8779,0.0449,0,2.7696,0.0535,0,2.9012,0.0495,0,2.55,0.1161,0,3.5067,0.111,0,2.8599,0.0819,0,3.134,0.1394,0,3.09,0.1745,0,3.2246,0.106,0,3.694,0.0783,0,2.8534,0.0526,0,3.2746,0.0505,0,2.7481,0.0429,0,3.0506,0.0391,0,2.3609
23,6094,169,0.244127959012985,0.000271382799838,0.0583,0,2.5155,0.0501,0,2.6289,0.0566,0,3.8655,0.0788,0,3.0515,0.1292,0,2.4905,0.1429,0,4.1164,0.2738,0,2.7809,0.2054,0,2.9733,0.1628,0,2.889,0.1751,0,3.3494,0.144,0,3.1525,0.0918,0,3.664,0.0676,0,3.1856,0.0626,0,2.8269,0.0718,0,3.0687,0.0743,0,3.4058,0.0877,0,3.878,0.1864,0,2.2545,0.165,0,3.5913,0.1255,0,2.8398,0.1322,0,2.9847,0.1257,0,3.1535,0.0856,0,2.9962,0.0639,0,2.9081,0.0557,0,3.3717,0.0488,0,2.64,0.0603,0,2.9772,0.0545,0,3.2987,0.0977,0,3.0796,0.098,0,3.7521,0.0799,0,2.919,0.1373,0,3.1618,0.1671,0,2.4934,0.1166,0,3.3953,0.0817,0,2.732,0.0614,0,3.1081,0.0511,0,2.5445,0.0472,0,2.7377,0.0422,0,2.4728
24,5603,180,0.325675547122955,0.000610010582022,0.0678,0,2.7992,0.0625,0,2.2213,0.066,0,2.9834,0.0682,0,2.4664,0.1314,0,2.5486,0.1518,0,3.0496,0.159,0,3.6015,0.1609,0,3.4372,0.1477,0,2.908,0.154,0,3.471,0.1397,0,3.0388,0.1008,0,3.6501,0.0739,0,3.3039,0.0629,0,2.4064,0.0635,0,2.6409,0.0831,0,2.1217,0.0832,0,3.7386,0.1516,0,2.77,0.1723,0,3.6035,0.1403,0,3.3779,0.1497,0,3.1812,0.161,0,3.27,0.1133,0,3.6889,0.0723,0,2.4339,0.0637,0,3.4071,0.062,0,2.7611,0.0723,0,3.8068,0.0759,0,2.6354,0.1081,0,2.9943,0.105,0,3.4602,0.093,0,2.6848,0.1347,0,3.2314,0.1717,0,3.0599,0.143,0,3.6727,0.1022,0,2.3763,0.0715,0,3.6015,0.0562,0,2.4198,0.0563,0,2.6525,0.0589,0,2.4994
25,8268,274,0.349919527769089,0.003000769531354,0.078,0,2.3784,0.0673,0,2.5372,0.0776,0,2.9404,0.0855,0,3.2682,0.1163,0,2.0757,0.1773,0,3.4147,0.1802,0,3.0656,0.1834,0,3.2815,0.1633,0,2.6336,0.1738,0,4.2069,0.1547,0,2.819,0.115,0,3.4217,0.0864,0,2.6407,0.0875,0,2.7849,0.0927,0,2.9151,0.1136,0,2.0726,0.1164,0,3.0407,0.1581,0,2.7708,0.1825,0,3.3616,0.1629,0,2.9194,0.1682,0,4.3664,0.1754,0,2.6941,0.1156,0,3.3272,0.0953,0,2.7866,0.0805,0,2.4869,0.0864,0,1.9376,0.1064,0,2.7906,0.1047,0,2.2196,0.133,0,3.0806,0.1442,0,3.2744,0.1323,0,3.175,0.1826,0,3.185,0.2204,0,2.8127,0.1623,0,3.5182,0.1186,0,2.6687,0.0922,0,3.0401,0.0851,0,2.4737,0.0706,0,2.834,0.0809,0,2.9366
26,8766,131,0.33987021446228,0.000797792570665,0.0766,0,2.9423,0.0714,0,2.6378,0.0815,0,3.8622,0.0932,0,3.2482,0.1479,0,2.483,0.1533,0,3.8702,0.1739,0,3.3923,0.1832,0,3.8775,0.1714,0,2.8003,0.1728,0,2.7626,0.1537,0,3.7895,0.1223,0,3.0345,0.1015,0,4.0833,0.0807,0,3.3005,0.1051,0,3.9755,0.1189,0,2.3953,0.1133,0,3.5474,0.1495,0,2.7611,0.1892,0,4.5773,0.161,0,3.2231,0.1851,0,3.505,0.1669,0,2.8109,0.13,0,4.1105,0.0981,0,2.767,0.07,0,3.6576,0.0737,0,2.7453,0.0957,0,3.3056,0.1028,0,4.6201,0.1274,0,3.5476,0.1357,0,3.8124,0.1213,0,3.034,0.1524,0,3.6162,0.1788,0,3.9635,0.1368,0,3.3806,0.1261,0,3.2687,0.1022,0,3.2928,0.087,0,2.862,0.0824,0,2.8944,0.0729,0,2.9164
27,8996,198,0.273639172315598,0.000781451410148,0.0595,0,2.7591,0.0569,0,2.6347,0.0515,0,3.0723,0.059,0,3.0673,0.1138,0,2.4479,0.1406,0,3.7367,0.1849,0,2.9269,0.1655,0,3.4035,0.1699,0,3.5051,0.1479,0,4.1519,0.1229,0,4.374,0.0974,0,3.452,0.0657,0,3.3124,0.0507,0,2.4695,0.0579,0,2.4347,0.067,0,2.3162,0.0827,0,3.6342,0.1206,0,3.112,0.1619,0,3.5132,0.1388,0,2.6114,0.1522,0,3.5721,0.1556,0,3.5001,0.1315,0,2.6484,0.0693,0,2.7265,0.0451,0,3.2793,0.0417,0,2.2876,0.0562,0,2.904,0.0531,0,2.582,0.1018,0,3.0755,0.101,0,3.0531,0.0957,0,2.3155,0.1536,0,2.6694,0.1583,0,2.7729,0.1312,0,3.047,0.0955,0,3.2515,0.0676,0,3.1361,0.0476,0,2.5025,0.0459,0,2.2786,0.0444,0,2.1534
28,7563,218,0.230769395828247,0.000130868720589,0.0564,0,2.038,0.0539,0,2.1313,0.0518,0,2.352,0.0754,0,3.5822,0.1372,0,2.1695,0.1462,0,3.2012,0.1538,0,2.5872,0.1677,0,4.2533,0.1656,0,2.9774,0.1541,0,3.7159,0.1059,0,2.9921,0.0711,0,4.2472,0.0532,0,1.8725,0.0493,0,2.2571,0.0506,0,2.9467,0.0668,0,2.7125,0.1031,0,3.4781,0.1871,0,3.1595,0.1558,0,3.2053,0.0862,0,2.4411,0.0922,0,2.8969,0.0925,0,2.5483,0.0623,0,3.4298,0.0373,0,2.856,0.0397,0,2.9647,0.0381,0,2.8022,0.0432,0,2.487,0.0467,0,2.9018,0.1052,0,3.6564,0.1171,0,2.8741,0.0728,0,2.3583,0.131,0,3.2143,0.1446,0,3.4565,0.0955,0,3.1896,0.0644,0,2.871,0.046,0,3.1256,0.0404,0,2.6204,0.0351,0,2.8681,0.0381,0,2.7223
29,9052,189,0.273640185594559,0.000549803371541,0.0703,0,2.8891,0.0563,0,2.3463,0.0672,0,2.3109,0.074,0,3.6088,0.1337,0,2.2692,0.1498,0,3.6836,0.1792,0,2.5006,0.16,0,3.2758,0.1638,0,2.7939,0.1663,0,3.7467,0.1189,0,3.1225,0.0853,0,2.9123,0.0644,0,2.5721,0.0635,0,2.7007,0.0668,0,2.7373,0.0849,0,2.6532,0.0882,0,4.0982,0.1582,0,2.8779,0.1563,0,4.0042,0.1037,0,2.6001,0.1136,0,3.3952,0.1282,0,2.873,0.0881,0,3.3585,0.0627,0,3.0406,0.0558,0,2.3639,0.0523,0,2.4901,0.0712,0,2.4779,0.0519,0,2.2785,0.0985,0,3.8867,0.1081,0,3.4542,0.0964,0,3.3884,0.1293,0,3.5711,0.1773,0,3.4204,0.1244,0,3.3866,0.0834,0,3.1487,0.0552,0,3.3576,0.0492,0,3.0425,0.0483,0,2.8158,0.0554,0,2.4558
30,8927,116,0.259996026754379,0.000322470470564,0.0579,0,2.4027,0.0462,0,2.0581,0.0521,0,2.7412,0.0632,0,2.3728,0.1211,0,2.2975,0.1303,0,4.383,0.1876,0,3.2759,0.1628,0,3.2571,0.139,0,3.5489,0.1341,0,3.3434,0.127,0,3.5414,0.0973,0,4.1337,0.053,0,3.3867,0.0446,0,2.5903,0.0501,0,3.2991,0.0643,0,2.6324,0.0749,0,4.5245,0.1705,0,4.4101,0.153,0,4.7535,0.1025,0,2.699,0.1118,0,3.9354,0.1239,0,3.0732,0.0935,0,3.4487,0.0533,0,2.5274,0.0419,0,2.5162,0.0388,0,3.0565,0.0484,0,4.2158,0.0518,0,3.35,0.0894,0,3.3312,0.0908,0,3.7568,0.0715,0,3.4301,0.1227,0,3.7357,0.157,0,3.5181,0.1064,0,3.5172,0.0685,0,2.7607,0.0481,0,3.3001,0.043,0,2.4596,0.0392,0,2.9065,0.0403,0,3.1199
31,8713,247,0.265566408634186,0.000546788796782,0.0554,0,2.9486,0.0516,0,2.9701,0.0603,0,3.5764,0.0755,0,3.4069,0.1164,0,2.3304,0.1474,0,3.6747,0.1698,0,3.0162,0.1672,0,3.3451,0.1412,0,3.5252,0.1245,0,4.7117,0.1169,0,3.5098,0.0843,0,3.4377,0.0533,0,3.8437,0.0519,0,2.4321,0.0583,0,3.1482,0.0738,0,2.7156,0.0899,0,3.0396,0.1547,0,2.673,0.1542,0,3.6608,0.1129,0,3.0228,0.1073,0,3.8153,0.0997,0,2.9194,0.0764,0,3.2084,0.0524,0,2.7053,0.047,0,3.7118,0.0471,0,2.4893,0.0588,0,2.791,0.0557,0,2.4904,0.0988,0,3.6226,0.1127,0,3.4786,0.0858,0,3.5746,0.1363,0,3.7025,0.1483,0,3.1979,0.1152,0,3.8375,0.0891,0,3.4535,0.0594,0,3.7001,0.0487,0,2.3937,0.0425,0,2.7236,0.0461,0,2.8476
32,9961,217,0.261673897504807,0.000588434690144,0.0583,0,2.7246,0.0557,0,2.3982,0.0537,0,2.8395,0.061,0,2.9476,0.1361,0,1.7507,0.1545,0,4.0094,0.154,0,2.7882,0.1397,0,3.3265,0.1251,0,3.6648,0.1396,0,3.1533,0.1345,0,3.0296,0.0871,0,3.7396,0.0638,0,3.0754,0.0602,0,2.746,0.0711,0,3.0404,0.0751,0,2.6693,0.0865,0,3.2422,0.1422,0,3.1156,0.1639,0,3.1272,0.1242,0,2.5468,0.1279,0,3.469,0.1293,0,2.6856,0.0819,0,3.2313,0.0533,0,3.0896,0.0465,0,2.5216,0.0476,0,2.6257,0.0637,0,2.5961,0.0629,0,2.5356,0.1029,0,3.5484,0.1127,0,3.9047,0.0993,0,3.4649,0.1459,0,2.6155,0.1613,0,2.9866,0.1262,0,3.9885,0.0892,0,3.107,0.0712,0,3.5213,0.0529,0,1.7249,0.0424,0,3.159,0.0463,0,2.407
33,10023,119,0.303169190883636,0.001188399386592,0.0684,0,3.0714,0.0635,0,3.3559,0.0765,0,3.559,0.0826,0,4.0344,0.1273,0,2.8204,0.1756,0,3.7808,0.1957,0,2.392,0.1636,0,4.0562,0.1533,0,3.7049,0.138,0,4.6542,0.1378,0,3.2152,0.0924,0,3.2995,0.0901,0,2.7741,0.0778,0,3.7562,0.0923,0,3.1764,0.0896,0,3.3973,0.0972,0,4.4704,0.1382,0,3.6032,0.1533,0,3.5521,0.1202,0,3.4973,0.128,0,3.5446,0.1036,0,3.6731,0.0817,0,4.138,0.0669,0,2.8155,0.0637,0,3.1603,0.0615,0,3.1588,0.073,0,2.7788,0.0723,0,2.0459,0.1083,0,3.2807,0.1247,0,3.3077,0.0901,0,3.074,0.1342,0,4.0094,0.1586,0,3.0932,0.1325,0,4.3967,0.1042,0,3.2863,0.0608,0,3.2555,0.0535,0,3.1997,0.0535,0,2.6385,0.0484,0,3.1631
34,11142,178,0.223235413432121,0.000405505561503,0.0544,0,2.2147,0.0546,0,2.5049,0.0497,0,2.1495,0.0658,0,3.4055,0.1028,0,2.305,0.1357,0,3.1532,0.157,0,2.2409,0.1294,0,4.4774,0.1369,0,2.487,0.1357,0,3.5106,0.1266,0,3.2716,0.0748,0,2.7193,0.0584,0,2.6255,0.0598,0,3.3308,0.0774,0,3.7078,0.0675,0,2.9285,0.0788,0,2.3951,0.1283,0,3.231,0.1349,0,3.2365,0.1042,0,2.9632,0.1016,0,3.4258,0.1154,0,2.8341,0.079,0,2.42,0.0584,0,2.655,0.0518,0,2.7954,0.0565,0,2.6736,0.0768,0,2.5236,0.0535,0,2.3524,0.0909,0,2.9958,0.1087,0,3.1784,0.0817,0,2.9082,0.1213,0,3.6654,0.1605,0,3.3817,0.1245,0,3.6791,0.0738,0,2.4165,0.0563,0,2.9633,0.0538,0,2.6778,0.0558,0,2.5957,0.0507,0,2.1289
35,8940,235,0.238469779491425,0.000115227492643,0.0425,0,3.1817,0.0418,0,2.7901,0.0425,0,3.0608,0.0595,0,3.9888,0.1116,0,2.4249,0.1398,0,3.926,0.1722,0,3.3717,0.1435,0,3.8925,0.1294,0,2.6454,0.1243,0,3.4868,0.1193,0,2.5648,0.085,0,4.5435,0.049,0,2.9301,0.0361,0,2.3219,0.04,0,3.1162,0.0619,0,2.6897,0.0773,0,3.5637,0.1477,0,3.7853,0.1347,0,3.6034,0.1048,0,3.3135,0.099,0,2.755,0.0939,0,2.9649,0.0811,0,3.1438,0.0492,0,2.5874,0.0398,0,2.3878,0.0373,0,2.5478,0.0429,0,3.194,0.0494,0,3.2935,0.0991,0,4.6031,0.0902,0,4.0063,0.0633,0,2.9813,0.125,0,4.1243,0.1506,0,2.6197,0.1043,0,2.7877,0.0793,0,2.866,0.0473,0,2.6707,0.0432,0,2.9191,0.0367,0,2.6689,0.0332,0,2.2996
36,9315,228,0.26785945892334,0.000427683029557,0.054,0,2.7515,0.0509,0,2.2662,0.0555,0,3.0994,0.0722,0,3.0776,0.113,0,2.4871,0.1411,0,4.9039,0.169,0,3.1178,0.1497,0,3.6066,0.1327,0,2.333,0.1362,0,2.9921,0.1268,0,3.3565,0.0887,0,3.4059,0.0594,0,3.2363,0.0544,0,2.4608,0.0516,0,2.5719,0.0678,0,2.686,0.0771,0,2.538,0.1457,0,3.3611,0.1378,0,3.5507,0.1147,0,3.317,0.1092,0,3.3269,0.1062,0,2.4206,0.0796,0,3.2993,0.0601,0,2.9128,0.0477,0,2.5804,0.0494,0,2.6624,0.06,0,2.7621,0.0581,0,3.3842,0.1013,0,3.6118,0.1106,0,3.3294,0.0838,0,3.1124,0.1297,0,3.3699,0.1477,0,3.0091,0.111,0,3.4857,0.0892,0,2.6859,0.0681,0,2.8362,0.0516,0,2.2271,0.0497,0,2.5925,0.0486,0,2.4373
37,9287,217,0.236467584967613,0.000185158511158,0.0529,0,2.7961,0.0551,0,2.5191,0.0556,0,3.4948,0.0642,0,2.8933,0.141,0,2.6353,0.1486,0,3.8652,0.176,0,2.4687,0.1535,0,2.1045,0.1231,0,2.3443,0.1196,0,2.9676,0.1106,0,3.3051,0.0832,0,3.1087,0.0529,0,2.7522,0.0486,0,2.225,0.0524,0,2.5077,0.0686,0,2.7673,0.0728,0,3.2714,0.169,0,3.1293,0.1632,0,3.0662,0.1071,0,2.2517,0.0938,0,2.7507,0.09,0,3.3861,0.0631,0,3.3583,0.0543,0,3.0798,0.0463,0,3.126,0.0409,0,2.7606,0.0449,0,2.6173,0.0526,0,2.4207,0.1075,0,3.6927,0.1087,0,2.8921,0.0752,0,2.3032,0.1299,0,3.3621,0.1709,0,3.1139,0.0966,0,3.6735,0.0756,0,2.1503,0.0513,0,2.1158,0.0425,0,1.9859,0.04,0,2.2646,0.0393,0,2.3902
38,9733,167,0.262008756399155,0.000191918341443,0.0608,0,3.0096,0.0581,0,2.8173,0.0616,0,3.4244,0.0729,0,3.2184,0.2285,0,1.6481,0.2135,0,2.9383,0.2927,0,2.3087,0.2518,0,2.3777,0.2283,0,2.3176,0.1724,0,4.0765,0.1336,0,2.9909,0.1002,0,3.5742,0.0731,0,3.7865,0.0642,0,2.9134,0.0884,0,3.0201,0.1007,0,2.8479,0.103,0,2.9149,0.2197,0,2.6755,0.2434,0,3.2833,0.1638,0,2.6886,0.1727,0,3.3658,0.173,0,3.1853,0.1057,0,3.7385,0.0812,0,2.3438,0.0556,0,3.7159,0.0601,0,3.234,0.0898,0,2.369,0.0764,0,2.9678,0.1399,0,3.5664,0.1599,0,3.2327,0.1317,0,3.0081,0.2372,0,2.6934,0.2048,0,3.3862,0.1506,0,4.9501,0.1181,0,3.1947,0.0726,0,4.2705,0.0655,0,2.4008,0.0614,0,2.7367,0.0686,0,2.2981
39,11215,172,0.279521405696869,0.000633027812,0.0732,0,1.3897,0.0623,0,1.8204,0.0724,0,1.4787,0.0816,0,2.1449,0.1176,0,2.1794,0.1567,0,4.2084,0.1718,0,3.5295,0.1647,0,2.5742,0.1562,0,2.921,0.1605,0,2.8093,0.1469,0,2.594,0.0993,0,2.698,0.0825,0,1.9694,0.0743,0,1.9193,0.0814,0,1.6445,0.0799,0,2.2275,0.0873,0,3.7856,0.1397,0,3.3354,0.1858,0,3.5849,0.1422,0,2.4874,0.1431,0,3.3661,0.1319,0,3.1389,0.1102,0,2.4719,0.0846,0,1.8865,0.0622,0,1.8757,0.0701,0,1.5407,0.0782,0,2.5532,0.0817,0,1.9758,0.1087,0,3.0938,0.1348,0,3.2826,0.0996,0,2.7795,0.1632,0,3.0462,0.1968,0,3.153,0.1448,0,3.239,0.1088,0,2.9071,0.0832,0,1.7181,0.0743,0,2.0401,0.0662,0,1.8324,0.0637,0,1.7562
40,11651,183,0.30754953622818,0.002041418571025,0.1224,0,0.7322,0.1115,0,0.8,0.1344,0,0.7938,0.1367,0,0.8058,0.1827,0,1.2031,0.2407,0,1.3589,0.2589,0,1.2881,0.248,0,1.06,0.2312,0,1.0642,0.2278,0,1.0552,0.2183,0,1.1887,0.1585,0,0.9736,0.1133,0,1.093,0.1235,0,0.9516,0.128,0,0.9701,0.1424,0,0.9732,0.1396,0,1.2719,0.2109,0,1.4621,0.2748,0,1.3431,0.2151,0,1.1448,0.2149,0,1.2774,0.2323,0,1.3361,0.1769,0,1.143,0.1348,0,0.7047,0.1172,0,0.771,0.12,0,0.7496,0.129,0,1.1557,0.129,0,1.1063,0.1912,0,1.4904,0.1906,0,1.4956,0.1447,0,1.1135,0.2062,0,1.5356,0.2666,0,1.3797,0.2165,0,1.3407,0.1694,0,1.0587,0.1204,0,1.0657,0.112,0,0.8291,0.1029,0,0.8964,0.124,0,0.9367
41,12264,157,0.277658462524414,0.001197007950395,0.065,0,3.0708,0.0727,0,2.8994,0.0734,0,3.2951,0.0791,0,3.5618,0.1209,0,2.3464,0.1404,0,4.069,0.1503,0,3.0239,0.1365,0,2.9459,0.121,0,3.3234,0.1532,0,3.9927,0.1346,0,3.2527,0.0938,0,3.8075,0.0821,0,3.6682,0.07,0,2.8878,0.0744,0,3.8665,0.0869,0,2.9178,0.0868,0,3.7032,0.1425,0,3.6376,0.1666,0,3.262,0.1309,0,2.443,0.1187,0,3.5462,0.1238,0,2.9496,0.0869,0,3.7997,0.0653,0,2.9149,0.0678,0,2.9962,0.0766,0,2.9043,0.0886,0,3.1402,0.0728,0,2.8179,0.0967,0,3.1548,0.1159,0,3.1476,0.0941,0,3.1605,0.1278,0,3.246,0.1625,0,3.5411,0.1285,0,3.8037,0.0859,0,3.0893,0.0808,0,3.3538,0.0818,0,2.5701,0.0769,0,2.7509,0.0607,0,2.53
42,11359,106,0.248360365629196,0.000197301589651,0.0573,0,1.9659,0.047,0,1.957,0.0491,0,2.443,0.0657,0,2.8808,0.124,0,2.8077,0.1429,0,4.074,0.1669,0,3.4649,0.1385,0,2.8713,0.0989,0,2.9069,0.107,0,3.9943,0.1146,0,3.3419,0.0743,0,3.2411,0.0481,0,2.8175,0.0388,0,2.3317,0.0434,0,2.9304,0.0557,0,3.9154,0.0628,0,4.3584,0.144,0,2.8632,0.2042,0,2.6368,0.1313,0,2.2551,0.0936,0,4.1181,0.0843,0,2.4934,0.0674,0,3.8769,0.0424,0,2.9686,0.0433,0,3.2787,0.0382,0,3.277,0.0466,0,3.5988,0.0532,0,2.6594,0.0948,0,3.9969,0.1041,0,4.2027,0.0844,0,3.2091,0.1338,0,4.087,0.1426,0,3.5968,0.1018,0,3.205,0.0913,0,2.6594,0.0533,0,3.3316,0.0383,0,2.822,0.0347,0,3.1401,0.0365,0,1.8322
43,12657,126,0.236928328871727,0.000538433087058,0.0592,0,2.678,0.0542,0,2.7081,0.0563,0,3.073,0.0671,0,4.0045,0.1512,0,2.4655,0.1408,0,3.6116,0.1915,0,2.8893,0.1502,0,3.3411,0.1003,0,3.3454,0.1211,0,3.2311,0.1184,0,3.1761,0.0811,0,3.0606,0.0544,0,3.1111,0.0467,0,2.3821,0.0513,0,2.8686,0.059,0,3.5178,0.0761,0,3.0938,0.1686,0,2.4363,0.2015,0,2.8978,0.1113,0,2.9893,0.1062,0,3.9427,0.0907,0,2.7829,0.0689,0,3.9371,0.0422,0,2.9336,0.0471,0,3.3571,0.0428,0,2.8498,0.0563,0,2.6736,0.0561,0,2.3474,0.0954,0,3.3061,0.1143,0,3.4606,0.0762,0,2.3955,0.1337,0,3.714,0.1529,0,3.3022,0.1253,0,4.0599,0.085,0,3.3721,0.0575,0,2.812,0.0446,0,2.6012,0.0403,0,2.4723,0.0363,0,2.5556
44,8972,170,0.292639404535294,0.000400430348236,0.0678,0,2.4387,0.0575,0,2.8817,0.0587,0,2.8873,0.0708,0,3.3273,0.1731,0,1.8693,0.1818,0,2.7621,0.2069,0,2.5615,0.2051,0,2.2664,0.191,0,3.0572,0.1862,0,3.5994,0.1522,0,3.1252,0.1024,0,3.5531,0.079,0,3.0914,0.0774,0,2.4376,0.0883,0,2.476,0.1064,0,2.977,0.1098,0,3.0544,0.1807,0,2.9882,0.2074,0,2.807,0.1749,0,2.9047,0.1695,0,2.6428,0.1635,0,3.2745,0.1128,0,3.4534,0.0808,0,3.0352,0.0633,0,3.0959,0.0571,0,3.0789,0.0821,0,2.7608,0.0823,0,2.6606,0.1282,0,3.091,0.1447,0,2.2862,0.1265,0,2.3113,0.1842,0,1.9098,0.1843,0,3.0957,0.1457,0,3.6655,0.1133,0,2.6447,0.0833,0,3.7046,0.0719,0,2.6439,0.065,0,3.0201,0.0708,0,2.8514
45,11578,167,0.246296003460884,0.000180686809472,0.0501,0,2.6324,0.0473,0,3.3074,0.0488,0,3.019,0.057,0,3.6659,0.1013,0,2.7838,0.1482,0,4.1999,0.1728,0,3.3726,0.1458,0,4.2405,0.1266,0,2.5951,0.1205,0,3.0665,0.1182,0,3.8636,0.0785,0,3.9589,0.051,0,3.7582,0.0496,0,2.751,0.0457,0,3.8195,0.0607,0,2.9722,0.0774,0,2.8033,0.1274,0,3.0236,0.15,0,3.0495,0.1002,0,4.081,0.0944,0,3.1616,0.1004,0,2.8285,0.0743,0,1.9684,0.0533,0,2.6659,0.0405,0,2.7053,0.0382,0,2.8135,0.0492,0,3.1297,0.066,0,3.3748,0.1037,0,4.0568,0.1118,0,3.1206,0.0863,0,2.8414,0.1562,0,3.1847,0.1878,0,2.8171,0.1183,0,3.1222,0.0949,0,3.0675,0.0574,0,2.5435,0.0449,0,2.2289,0.0447,0,2.1793,0.0415,0,2.5005
46,11056,308,0.24960008263588,0.000313370546792,0.0619,0,2.3359,0.055,0,2.3157,0.0535,0,2.8449,0.0716,0,2.6211,0.1673,0,1.7616,0.2051,0,3.1674,0.28,0,2.9123,0.2018,0,2.9111,0.178,0,2.227,0.1556,0,2.9968,0.1296,0,3.0022,0.0954,0,3.3498,0.063,0,2.8188,0.0563,0,2.8383,0.0753,0,2.2068,0.086,0,2.2163,0.0846,0,2.4498,0.163,0,2.794,0.2191,0,3.7911,0.1619,0,2.5314,0.1433,0,3.3756,0.119,0,2.5654,0.0887,0,2.6173,0.0626,0,2.3934,0.0479,0,2.5537,0.0491,0,2.7783,0.0635,0,2.4989,0.0692,0,2.1599,0.1188,0,2.8674,0.135,0,2.4864,0.1151,0,3.5003,0.2155,0,2.9699,0.2233,0,2.1004,0.1469,0,3.2636,0.0928,0,2.3091,0.0693,0,3.1937,0.0565,0,2.8674,0.0539,0,2.5247,0.0593,0,2.3053
47,13435,258,0.208066776394844,0.00013224160648,0.0508,0,2.3488,0.0454,0,2.3628,0.0453,0,3.2637,0.0591,0,3.5509,0.1332,0,2.2238,0.1613,0,3.4492,0.2138,0,3.0335,0.1219,0,3.6284,0.1001,0,2.661,0.0837,0,3.1439,0.1146,0,3.2474,0.0658,0,2.8502,0.0415,0,2.8607,0.0333,0,2.8142,0.0401,0,3.341,0.0574,0,3.6823,0.0667,0,3.5133,0.1542,0,3.3278,0.1454,0,3.4737,0.0875,0,3.0172,0.0723,0,3.3322,0.0706,0,2.5894,0.0481,0,3.0251,0.0391,0,2.305,0.0347,0,2.9295,0.0343,0,2.7,0.0383,0,3.0464,0.0581,0,2.3653,0.1169,0,3.55,0.1313,0,3.2319,0.096,0,2.3918,0.1353,0,3.2932,0.1388,0,3.2211,0.0912,0,3.0604,0.0728,0,2.9498,0.0474,0,3.5199,0.0404,0,3.0124,0.0349,0,2.6574,0.0358,0,2.3228
48,11970,136,0.253270477056503,0.000245235598413,0.0668,0,2.1176,0.0549,0,2.3927,0.0563,0,2.4175,0.0692,0,3.192,0.1539,0,1.5019,0.1552,0,3.542,0.1851,0,2.7083,0.1646,0,1.5739,0.1463,0,2.3199,0.1394,0,2.6792,0.1099,0,2.8471,0.086,0,2.9764,0.0628,0,2.4222,0.0663,0,2.1427,0.0728,0,2.4652,0.086,0,2.4253,0.0867,0,2.7151,0.165,0,3.4426,0.1901,0,3.3694,0.1283,0,3.3114,0.1223,0,3.5833,0.114,0,2.6931,0.0899,0,2.3328,0.0605,0,2.4368,0.0566,0,2.5666,0.0549,0,2.2291,0.0631,0,2.4213,0.0656,0,2.6929,0.104,0,4.0737,0.1503,0,2.2591,0.1109,0,2.8191,0.2123,0,2.2813,0.2058,0,3.6459,0.1174,0,3.0461,0.0856,0,2.3257,0.0662,0,2.6447,0.0715,0,2.849,0.0653,0,2.8781,0.0669,0,1.9383
49,12463,185,0.218039572238922,0.000181275871,0.0611,0,3.0841,0.0557,0,3.1352,0.0554,0,3.4055,0.0647,0,3.003,0.1331,0,2.5918,0.1416,0,3.5095,0.162,0,2.6557,0.153,0,3.4213,0.1233,0,3.1567,0.1351,0,2.8211,0.118,0,2.7009,0.0885,0,3.0829,0.0629,0,3.6073,0.0575,0,2.8964,0.0685,0,3.0569,0.0574,0,3.4788,0.0764,0,3.1253,0.1745,0,1.9058,0.1849,0,3.0183,0.1143,0,2.4125,0.1068,0,3.4703,0.1042,0,2.7328,0.0725,0,3.9176,0.0497,0,2.6881,0.0483,0,2.5237,0.0502,0,2.6298,0.0667,0,3.7665,0.0564,0,2.7419,0.097,0,3.3361,0.1395,0,2.7218,0.0948,0,2.4101,0.1309,0,3.3511,0.1388,0,3.4354,0.1046,0,2.7869,0.0675,0,2.8653,0.0609,0,3.5534,0.0528,0,2.7943,0.0513,0,2.5781,0.0439,0,2.4389
50,15598,111,0.245693698525429,0.00042741082143,0.0379,0,3.4946,0.0367,0,3.9431,0.0403,0,2.2949,0.0683,0,3.6062,0.1293,0,2.1847,0.1371,0,4.9228,0.1818,0,2.6405,0.1255,0,3.286,0.1157,0,4.0933,0.0951,0,4.0992,0.0976,0,3.8689,0.0714,0,4.1043,0.0515,0,2.3962,0.0399,0,3.0278,0.0467,0,4.2459,0.0697,0,3.3214,0.0711,0,3.9001,0.1604,0,2.7288,0.1227,0,3.2308,0.1038,0,3.4673,0.0873,0,4.7219,0.0718,0,2.9658,0.0615,0,4.2297,0.0458,0,3.0579,0.0395,0,3.0109,0.0374,0,2.4383,0.0506,0,3.3855,0.0643,0,3.7604,0.1028,0,4.4762,0.1151,0,4.2963,0.094,0,3.1479,0.1232,0,4.0189,0.1669,0,3.9856,0.1287,0,3.5877,0.1111,0,4.1054,0.0543,0,2.8191,0.0403,0,2.078,0.0338,0,3.3504,0.0451,0,1.9708
51,13984,133,0.196375578641891,7.0640533522e-05,0.0469,0,2.871,0.0409,0,2.5483,0.0423,0,2.8036,0.0668,0,2.9439,0.1443,0,2.4378,0.1666,0,2.6714,0.2245,0,2.3671,0.1333,0,2.8324,0.0871,0,2.9144,0.089,0,3.1314,0.1119,0,3.4214,0.0639,0,3.3948,0.0468,0,2.8705,0.0384,0,2.5437,0.048,0,2.618,0.0592,0,1.9792,0.075,0,3.9032,0.2027,0,1.9343,0.1963,0,2.1226,0.0979,0,2.3482,0.0872,0,3.1142,0.0899,0,2.2622,0.0587,0,2.8237,0.0502,0,2.3712,0.0484,0,2.561,0.0421,0,2.6472,0.0652,0,1.967,0.0682,0,2.3964,0.1194,0,2.334,0.1597,0,2.5608,0.0881,0,1.7041,0.1257,0,2.1745,0.1424,0,2.4551,0.0851,0,3.0743,0.0643,0,2.1861,0.0499,0,2.3126,0.0391,0,2.3993,0.0353,0,2.4625,0.0327,0,2.2607
52,14600,124,0.269162088632584,0.000437581446022,0.0617,0,3.1872,0.0623,0,2.9955,0.059,0,3.3469,0.0829,0,3.7018,0.1293,0,1.9006,0.1465,0,4.3596,0.1928,0,2.5338,0.1839,0,3.467,0.1746,0,2.8851,0.1627,0,3.1459,0.1223,0,2.9807,0.0805,0,2.9519,0.0589,0,2.4545,0.0544,0,3.0205,0.0667,0,2.5109,0.0757,0,3.0138,0.0769,0,3.4986,0.1311,0,2.9601,0.1782,0,3.3676,0.1524,0,3.1595,0.123,0,3.3856,0.1223,0,2.8047,0.0833,0,3.6183,0.0636,0,2.6349,0.0501,0,3.0449,0.0433,0,3.0075,0.0619,0,3.0756,0.0589,0,3.7927,0.1008,0,2.4405,0.1286,0,3.0665,0.1283,0,2.3609,0.2034,0,2.2919,0.2406,0,1.7781,0.1498,0,2.7461,0.0965,0,2.5296,0.078,0,2.4352,0.067,0,1.7092,0.0611,0,1.9703,0.0611,0,1.6844
53,14398,119,0.275168001651764,0.000848592317197,0.0627,0,1.8687,0.0541,0,2.3126,0.0635,0,2.1727,0.068,0,2.3747,0.1003,0,2.7281,0.151,0,3.457,0.1293,0,3.3409,0.1379,0,3.4414,0.1482,0,2.8287,0.1593,0,2.5747,0.1273,0,3.3226,0.0924,0,2.5768,0.0655,0,2.5946,0.0495,0,2.3802,0.0681,0,3.1142,0.064,0,3.0727,0.0927,0,3.5666,0.1515,0,2.4627,0.1435,0,3.705,0.1095,0,2.4516,0.1051,0,2.5865,0.1293,0,2.9298,0.0928,0,2.105,0.067,0,2.8165,0.0477,0,2.0896,0.0469,0,2.5745,0.0613,0,3.0144,0.0598,0,2.4897,0.0939,0,3.9878,0.1125,0,2.8197,0.0826,0,3.7854,0.1383,0,4.2936,0.1461,0,2.6685,0.1148,0,3.3276,0.0792,0,3.1278,0.0577,0,3.2173,0.0571,0,2.5432,0.0525,0,2.5591,0.0423,0,2.554
54,14510,113,0.241930261254311,0.000529910845216,0.0737,0,3.157,0.0598,0,2.3853,0.0674,0,3.6175,0.0763,0,3.5299,0.1077,0,3.0974,0.1238,0,4.0165,0.1446,0,2.4526,0.1282,0,3.7683,0.1265,0,3.3206,0.1431,0,3.0467,0.1259,0,3.1607,0.0903,0,3.554,0.0772,0,3.1165,0.0747,0,2.5544,0.0821,0,3.2437,0.0786,0,2.7631,0.0717,0,3.7423,0.1481,0,2.987,0.1503,0,4.2357,0.0824,0,3.4172,0.0931,0,2.9761,0.0998,0,2.8762,0.0632,0,3.6934,0.0514,0,3.0771,0.0527,0,2.8042,0.0398,0,2.7925,0.0511,0,3.6265,0.0498,0,2.912,0.1051,0,3.8215,0.1167,0,4.1418,0.086,0,2.5735,0.1379,0,5.1512,0.1672,0,3.7687,0.1274,0,3.8646,0.099,0,2.8242,0.068,0,3.409,0.0583,0,2.7838,0.0518,0,2.5227,0.0453,0,2.038
55,13956,245,0.219494014978409,0.000591508694924,0.0604,0,2.7672,0.0532,0,2.7983,0.0512,0,3.574,0.0654,0,3.0076,0.116,0,2.1526,0.1251,0,3.3196,0.1304,0,2.6096,0.1288,0,3.5647,0.1135,0,2.8026,0.1394,0,3.4429,0.1145,0,3.0031,0.0697,0,3.3446,0.062,0,2.7048,0.0609,0,2.4432,0.0713,0,3.4887,0.0638,0,3.0798,0.0712,0,3.17,0.1346,0,2.7649,0.149,0,3.6944,0.0932,0,2.4871,0.0995,0,3.4429,0.1016,0,1.986,0.0681,0,2.6442,0.0488,0,2.7306,0.0449,0,2.8891,0.0448,0,2.4111,0.0561,0,2.5453,0.0471,0,3.0181,0.0961,0,4.0982,0.1072,0,3.1047,0.0805,0,2.9686,0.1191,0,3.2337,0.1524,0,2.6761,0.102,0,2.8419,0.0712,0,2.8911,0.0557,0,3.1993,0.053,0,2.0372,0.0478,0,2.3511,0.0414,0,2.3891
56,13470,236,0.236494719982147,0.000188425750821,0.0552,0,2.097,0.0471,0,2.3621,0.0535,0,2.6076,0.0625,0,2.892,0.127,0,1.1601,0.1307,0,4.2233,0.1623,0,3.1366,0.1394,0,3.1161,0.13,0,2.6881,0.1323,0,2.969,0.1144,0,3.0478,0.0771,0,3.4448,0.0549,0,2.8595,0.0505,0,2.1466,0.0576,0,2.9731,0.0698,0,2.5239,0.0742,0,3.4669,0.1439,0,3.0455,0.1513,0,3.4092,0.1229,0,2.7417,0.1014,0,3.0231,0.1049,0,2.7767,0.0689,0,3.1208,0.0515,0,2.8682,0.0426,0,2.7577,0.0442,0,2.7163,0.0487,0,2.9747,0.0519,0,2.704,0.091,0,3.034,0.1248,0,2.0864,0.0892,0,2.8658,0.1498,0,2.6446,0.1652,0,2.9017,0.1225,0,2.7352,0.0729,0,2.4925,0.0563,0,2.6301,0.0489,0,2.3216,0.0446,0,2.1987,0.0466,0,1.8392
57,16123,247,0.26777595281601,0.001538013108075,0.0736,0,2.3469,0.0648,0,2.6499,0.0712,0,2.333,0.083,0,2.6291,0.1415,0,1.6659,0.1597,0,2.9023,0.1805,0,2.4715,0.1561,0,3.9725,0.143,0,3.0369,0.1417,0,3.7184,0.115,0,2.6746,0.089,0,3.1509,0.0689,0,3.3054,0.0637,0,2.6909,0.0824,0,3.2571,0.0852,0,2.9657,0.0869,0,2.8123,0.1468,0,1.8517,0.2046,0,2.6431,0.1297,0,2.2717,0.1419,0,2.9095,0.1377,0,3.095,0.0924,0,3.4609,0.0723,0,2.5018,0.0704,0,2.2096,0.0696,0,2.4018,0.0879,0,2.6175,0.0698,0,3.0046,0.1185,0,3.4383,0.1238,0,3.4741,0.1073,0,3.0307,0.1514,0,3.1989,0.1947,0,2.4855,0.1421,0,3.6011,0.1031,0,2.6453,0.0715,0,2.778,0.0628,0,2.2728,0.0597,0,2.5551,0.0707,0,2.779
58,14364,207,0.213146805763245,0.000372145936126,0.0483,0,2.3322,0.0429,0,2.5448,0.046,0,2.7715,0.057,0,2.9974,0.1184,0,2.4312,0.137,0,3.9586,0.1583,0,2.9887,0.1237,0,3.2256,0.0859,0,2.8522,0.0974,0,4.2029,0.113,0,3.0662,0.0691,0,3.4986,0.0445,0,3.4457,0.0411,0,2.5424,0.0449,0,3.001,0.0559,0,3.3194,0.0699,0,3.7091,0.1552,0,2.4994,0.1442,0,2.3252,0.1061,0,2.4993,0.0969,0,2.7829,0.0787,0,2.2103,0.0615,0,2.4007,0.0402,0,2.3457,0.042,0,2.8376,0.0383,0,2.4002,0.0461,0,2.0557,0.064,0,3.2679,0.1082,0,3.5771,0.1114,0,2.6061,0.0743,0,2.7906,0.1102,0,2.9858,0.1215,0,3.089,0.0779,0,2.4148,0.0638,0,2.6606,0.0481,0,2.3035,0.0389,0,2.2421,0.0423,0,2.4642,0.0376,0,2.2531
59,15258,168,0.23645555973053,0.000148327759234,0.0444,0,2.084,0.0414,0,2.6102,0.0418,0,2.6599,0.0618,0,2.9609,0.1024,0,1.9898,0.142,0,3.4032,0.1559,0,3.4308,0.1296,0,4.0566,0.1108,0,2.7495,0.1137,0,3.3886,0.107,0,3.0644,0.0669,0,2.7154,0.0457,0,3.328,0.0411,0,2.6323,0.0473,0,2.1126,0.0602,0,3.1924,0.0676,0,2.7341,0.178,0,2.9361,0.1568,0,3.5046,0.1057,0,3.1303,0.1015,0,2.941,0.0991,0,3.4507,0.0743,0,2.6287,0.0541,0,2.297,0.0432,0,2.3172,0.0433,0,2.317,0.0541,0,3.1185,0.0582,0,2.6933,0.1091,0,3.7258,0.1167,0,3.8925,0.0972,0,3.7766,0.1283,0,3.9692,0.1447,0,2.9459,0.1124,0,2.9765,0.0744,0,2.6119,0.0523,0,3.9493,0.0423,0,2.623,0.0389,0,2.4105,0.0376,0,2.5882
60,18653,128,0.293825417757034,0.00068951403955,0.0533,0,3.1927,0.0582,0,2.9161,0.0599,0,3.2804,0.0721,0,3.5464,0.1195,0,2.0608,0.2202,0,2.6098,0.193,0,2.8573,0.1987,0,2.8171,0.1987,0,2.495,0.1876,0,2.9063,0.1213,0,3.12,0.1159,0,3.0915,0.0669,0,2.313,0.057,0,2.2812,0.0711,0,3.2802,0.1009,0,3.1253,0.0922,0,3.1146,0.1646,0,2.8859,0.2147,0,3.6663,0.1746,0,2.6976,0.1682,0,4.4245,0.1702,0,3.2164,0.1036,0,3.3748,0.0728,0,4.0154,0.0651,0,3.7339,0.0584,0,3.207,0.095,0,2.5073,0.1007,0,3.0511,0.1285,0,2.8008,0.1441,0,4.0474,0.1183,0,2.9084,0.1499,0,2.9094,0.1861,0,3.401,0.1605,0,3.3577,0.1034,0,2.3141,0.0742,0,3.5584,0.06,0,2.4365,0.0544,0,3.0411,0.0579,0,3.089
61,17449,164,0.227895066142082,0.000268134608632,0.0621,0,2.5561,0.0608,0,2.3703,0.068,0,2.8065,0.0722,0,2.6783,0.1557,0,1.9362,0.1837,0,2.6034,0.2608,0,2.2474,0.2173,0,2.7736,0.1707,0,1.9806,0.1586,0,3.107,0.1153,0,3.0157,0.0824,0,3.7243,0.0741,0,3.1326,0.0724,0,2.3717,0.0944,0,2.814,0.0881,0,2.4139,0.086,0,3.1122,0.1526,0,2.9102,0.2436,0,2.3152,0.1687,0,2.1599,0.1677,0,2.2449,0.167,0,1.9458,0.0972,0,2.5052,0.0717,0,2.3456,0.0705,0,2.5774,0.0625,0,2.3531,0.1142,0,2.161,0.0757,0,2.5271,0.1427,0,2.8973,0.1487,0,2.718,0.1179,0,2.8068,0.162,0,3.4588,0.1909,0,2.3537,0.1373,0,3.7741,0.0986,0,2.6688,0.068,0,3.0792,0.0616,0,2.5876,0.0567,0,2.8687,0.064,0,2.7888
62,16930,149,0.251014918088913,0.00019060599152,0.046,0,2.4267,0.0429,0,2.4483,0.0448,0,3.7426,0.0653,0,3.3177,0.0895,0,1.9599,0.1097,0,2.8398,0.1418,0,2.8934,0.1131,0,3.2578,0.1192,0,2.7749,0.1074,0,3.7813,0.0998,0,3.9654,0.0777,0,3.8748,0.0517,0,2.8171,0.0468,0,2.5615,0.0436,0,2.2897,0.0585,0,2.9645,0.0652,0,3.0729,0.1564,0,2.9161,0.1434,0,3.0618,0.1082,0,3.2215,0.1009,0,3.3571,0.0896,0,2.2478,0.0748,0,3.2594,0.0523,0,2.8196,0.0458,0,2.7569,0.0551,0,1.8144,0.0512,0,2.6945,0.0683,0,3.2634,0.0989,0,3.4458,0.1054,0,3.3054,0.0801,0,2.8216,0.1351,0,3.2371,0.1601,0,2.3357,0.1083,0,3.3422,0.0842,0,2.6952,0.0534,0,3.0488,0.0447,0,2.1123,0.0501,0,1.6769,0.0432,0,2.5646
63,18446,113,0.262016147375107,0.000902865605894,0.0566,0,2.2231,0.0501,0,3.7106,0.0532,0,3.4071,0.0649,0,2.272,0.1111,0,1.9701,0.1469,0,3.8163,0.1554,0,3.0059,0.1569,0,3.6931,0.1338,0,2.9162,0.1386,0,4.6598,0.1134,0,3.0287,0.0835,0,3.1742,0.0676,0,3.3606,0.0494,0,2.9116,0.0646,0,3.1873,0.0721,0,2.2865,0.0843,0,3.5644,0.1358,0,3.2964,0.1456,0,4.5249,0.1356,0,3.416,0.1165,0,3.2624,0.1361,0,3.5594,0.0966,0,4.077,0.076,0,3.1028,0.061,0,2.7682,0.0607,0,2.4341,0.0814,0,3.111,0.0694,0,3.959,0.0971,0,2.673,0.1081,0,4.0818,0.0919,0,3.1615,0.1554,0,3.3026,0.1915,0,2.96,0.1291,0,3.294,0.1142,0,2.4137,0.0663,0,3.2913,0.0517,0,2.1207,0.06,0,2.2444,0.0591,0,2.6107
64,18042,104,0.217064708471298,5.4229811212e-05,0.04,0,3.6236,0.0294,0,2.2739,0.0352,0,3.0731,0.0721,0,3.4265,0.0881,0,2.6792,0.0976,0,3.3747,0.1329,0,3.3096,0.0956,0,4.922,0.0751,0,3.21,0.0955,0,3.6518,0.1249,0,2.9215,0.0739,0,3.1949,0.0404,0,3.1844,0.0329,0,2.3615,0.0414,0,2.3972,0.0627,0,2.5082,0.0769,0,2.8248,0.1455,0,2.922,0.1165,0,4.9515,0.0671,0,2.8993,0.0675,0,4.1141,0.0776,0,3.152,0.055,0,2.4379,0.0384,0,3.2327,0.0313,0,3.6558,0.0313,0,3.3716,0.0381,0,3.2256,0.0637,0,2.5396,0.1189,0,3.152,0.1002,0,4.156,0.065,0,2.1817,0.0893,0,3.8086,0.1029,0,2.4292,0.0856,0,2.5821,0.0535,0,1.3773,0.0423,0,1.6666,0.0399,0,1.8933,0.039,0,1.4109,0.035,0,2.1678
65,16346,247,0.22529624402523,0.000163043412613,0.0398,0,2.6325,0.0375,0,2.8672,0.0403,0,2.9918,0.0751,0,3.9485,0.109,0,2.5746,0.137,0,3.674,0.1671,0,2.1873,0.1079,0,3.5771,0.1022,0,2.4134,0.1066,0,3.9126,0.0955,0,2.8386,0.0742,0,3.62,0.044,0,2.8199,0.0382,0,2.3624,0.0411,0,2.5633,0.0641,0,2.5555,0.0724,0,3.0081,0.1693,0,3.0485,0.1271,0,3.4425,0.0912,0,3.1631,0.0789,0,3.6787,0.0808,0,2.8251,0.0609,0,3.194,0.0428,0,2.1007,0.0384,0,2.8366,0.0366,0,2.5981,0.0439,0,3.5496,0.0646,0,3.2844,0.0976,0,3.549,0.0976,0,3.6531,0.0806,0,2.4911,0.112,0,3.8744,0.1355,0,3.0673,0.1067,0,2.9323,0.0716,0,2.092,0.0443,0,2.9271,0.0413,0,2.5689,0.0391,0,2.5892,0.0367,0,2.6362
66,18179,154,0.207821443676949,0.000269394280622,0.0548,0,2.4013,0.0488,0,2.2322,0.0498,0,2.9657,0.0613,0,4.161,0.1051,0,2.4033,0.1448,0,4.498,0.1507,0,3.5772,0.126,0,4.2954,0.1343,0,2.9395,0.1241,0,3.636,0.1119,0,2.8858,0.0698,0,2.7677,0.0588,0,2.727,0.0621,0,2.6292,0.0668,0,2.6429,0.0714,0,3.5795,0.0775,0,3.2512,0.1345,0,3.6562,0.1632,0,4.4902,0.116,0,3.266,0.117,0,3.6278,0.1092,0,3.1154,0.0721,0,3.0412,0.049,0,2.9299,0.0508,0,2.5416,0.0467,0,2.6776,0.0609,0,2.7475,0.0593,0,3.0215,0.097,0,4.4617,0.1043,0,3.4269,0.0866,0,3.5155,0.1209,0,2.684,0.1541,0,3.2584,0.1161,0,3.9987,0.0829,0,3.4042,0.0698,0,2.5968,0.0584,0,2.2955,0.0553,0,2.3086,0.0528,0,2.6029
67,16140,244,0.229376897215843,0.000818841275759,0.0503,0,2.2098,0.0432,0,2.0488,0.0494,0,2.4667,0.0686,0,3.1389,0.1315,0,2.4339,0.1434,0,2.8257,0.1939,0,1.8674,0.1326,0,2.4944,0.1,0,2.0889,0.1248,0,2.5039,0.1024,0,2.8367,0.0713,0,3.1625,0.0531,0,2.2929,0.0472,0,1.8339,0.0535,0,2.2232,0.0747,0,3.4069,0.074,0,2.9679,0.1543,0,2.8706,0.1558,0,1.8265,0.0926,0,2.2669,0.0856,0,2.9221,0.0941,0,1.9056,0.0672,0,2.5249,0.0476,0,2.0427,0.0463,0,1.9329,0.0483,0,1.7847,0.0525,0,1.5763,0.0605,0,3.1664,0.117,0,3.1443,0.1172,0,2.4611,0.0739,0,1.9664,0.1157,0,2.8761,0.1335,0,2.2501,0.0959,0,3.1185,0.0716,0,2.5039,0.0497,0,2.6299,0.0407,0,2.1073,0.0415,0,2.3711,0.0386,0,1.691
68,19191,140,0.233121812343597,0.000204463663977,0.0746,0,2.0615,0.065,0,1.4397,0.0756,0,1.9744,0.0977,0,2.1209,0.146,0,1.8729,0.1788,0,3.2437,0.1882,0,2.9428,0.1824,0,2.9755,0.1555,0,3.0726,0.1534,0,3.1157,0.1486,0,3.1533,0.1043,0,2.5607,0.0819,0,1.7481,0.0756,0,1.9753,0.0868,0,2.1781,0.101,0,2.3037,0.0905,0,2.7676,0.1517,0,2.5967,0.189,0,4.0564,0.1709,0,2.4163,0.1514,0,2.7906,0.133,0,3.4131,0.1088,0,2.9989,0.0702,0,2.3121,0.0711,0,1.6211,0.0747,0,1.3399,0.081,0,2.4874,0.0841,0,2.6079,0.1348,0,2.6378,0.1541,0,3.3087,0.1176,0,3.1592,0.1672,0,3.4056,0.2145,0,2.5785,0.1489,0,3.1142,0.1134,0,2.3989,0.0773,0,1.9079,0.0638,0,2.153,0.0634,0,2.172,0.0656,0,2.1178
69,20268,103,0.217952400445938,0.000165948687936,0.0621,0,1.8433,0.0501,0,1.7774,0.0542,0,1.8073,0.0769,0,2.4419,0.1274,0,2.3124,0.138,0,2.3665,0.1433,0,3.1803,0.1436,0,3.6451,0.1563,0,2.4639,0.1681,0,4.1926,0.1029,0,3.5511,0.0775,0,3.2234,0.0621,0,1.8929,0.056,0,1.5786,0.0623,0,2.0448,0.0692,0,3.005,0.0951,0,3.4366,0.1371,0,3.1013,0.1866,0,3.7534,0.1346,0,2.4728,0.113,0,2.965,0.1291,0,2.1296,0.0877,0,3.1925,0.0515,0,3.228,0.0577,0,2.5645,0.0528,0,2.098,0.0597,0,2.3234,0.0665,0,2.9775,0.1082,0,2.6376,0.1292,0,3.0584,0.1136,0,3.9079,0.1816,0,2.8504,0.1999,0,3.0334,0.1306,0,4.0381,0.0737,0,2.931,0.061,0,2.9165,0.0476,0,2.0795,0.0486,0,2.7361,0.045,0,2.1879
70,19586,126,0.242328852415085,0.000143566125189,0.051,0,2.3506,0.0548,0,2.1661,0.0452,0,2.7724,0.0594,0,3.8957,0.1342,0,2.0332,0.1246,0,4.2763,0.1659,0,3.064,0.1446,0,4.1702,0.1531,0,3.5568,0.1627,0,3.9901,0.1069,0,3.4221,0.0679,0,3.1026,0.0501,0,2.7533,0.0445,0,3.3495,0.0522,0,3.9427,0.0743,0,2.5208,0.0848,0,3.1809,0.1476,0,2.5909,0.1887,0,4.3208,0.1411,0,3.542,0.1173,0,3.4732,0.1279,0,2.5755,0.0914,0,3.1739,0.0635,0,2.5157,0.0457,0,3.2204,0.0499,0,3.0608,0.0597,0,3.2243,0.0696,0,3.7494,0.0936,0,3.4542,0.1255,0,3.8664,0.089,0,3.1187,0.1396,0,3.7536,0.1702,0,3.0243,0.1279,0,3.3602,0.0807,0,3.0789,0.0616,0,3.4492,0.0482,0,2.7241,0.0441,0,2.4281,0.0657,0,1.5181
71,19694,312,0.247769996523857,0.001144525711425,0.065,0,2.1471,0.0585,0,2.2753,0.0566,0,2.6865,0.0734,0,3.7881,0.1492,0,2.0306,0.1405,0,3.3275,0.1432,0,2.8499,0.1468,0,3.36,0.1258,0,2.6171,0.1379,0,4.5245,0.0999,0,2.8422,0.0797,0,3.2682,0.0622,0,2.4433,0.0615,0,2.0684,0.0832,0,1.8161,0.077,0,2.6568,0.0882,0,2.8681,0.1633,0,2.6422,0.1755,0,3.6353,0.1451,0,1.8891,0.1375,0,2.3734,0.1444,0,2.4236,0.0909,0,2.2342,0.062,0,2.5849,0.0674,0,2.2726,0.0639,0,2.2662,0.0919,0,1.8388,0.0697,0,2.5552,0.1128,0,2.9625,0.1328,0,3.1704,0.1018,0,2.9164,0.1484,0,3.0362,0.1724,0,3.0033,0.1351,0,3.1989,0.0899,0,2.5769,0.0693,0,3.5758,0.0575,0,2.4165,0.0544,0,2.6634,0.0548,0,2.2857
72,20669,104,0.25483039021492,0.000551353383344,0.0407,0,2.8264,0.0389,0,2.5576,0.0433,0,3.665,0.0786,0,3.2389,0.1121,0,1.7827,0.1603,0,2.8794,0.1759,0,3.0101,0.1199,0,4.2549,0.0819,0,2.9831,0.094,0,5.0,0.1015,0,3.5055,0.0673,0,3.0109,0.0468,0,2.4888,0.0377,0,2.4441,0.0504,0,2.6347,0.0676,0,2.7522,0.0674,0,3.3125,0.1424,0,2.7807,0.1238,0,3.784,0.0864,0,2.6974,0.0894,0,3.5199,0.0891,0,2.9214,0.0646,0,4.0731,0.0494,0,2.8986,0.0385,0,3.101,0.0417,0,2.4012,0.0563,0,4.0275,0.0626,0,2.4121,0.0977,0,2.6487,0.0879,0,2.4558,0.0814,0,2.8959,0.1309,0,4.105,0.1922,0,3.5579,0.1405,0,4.6666,0.0792,0,3.2657,0.0631,0,3.6768,0.0483,0,4.0787,0.0486,0,2.4904,0.0519,0,2.0963
73,20534,115,0.212127715349197,0.000148463674122,0.0683,0,3.0735,0.0575,0,2.7142,0.0565,0,3.5891,0.0567,0,3.3202,0.1049,0,2.25,0.1256,0,3.8809,0.1698,0,2.0742,0.1603,0,2.2449,0.1431,0,3.0263,0.1384,0,2.8387,0.0919,0,2.7998,0.0697,0,2.6758,0.05,0,2.3505,0.051,0,2.4745,0.0558,0,2.7324,0.0532,0,2.6387,0.0927,0,2.8882,0.1929,0,2.3969,0.2097,0,3.9225,0.1374,0,3.1848,0.1022,0,3.3192,0.1272,0,2.7831,0.0769,0,3.0841,0.0484,0,2.2203,0.043,0,3.0585,0.0473,0,2.5343,0.0735,0,1.7802,0.0646,0,2.8409,0.1202,0,2.5686,0.1108,0,2.9313,0.0849,0,2.963,0.1331,0,2.9303,0.1714,0,2.2759,0.1304,0,1.9864,0.0651,0,2.3653,0.0611,0,2.142,0.0486,0,2.5767,0.0503,0,2.2872,0.0619,0,1.9618
74,18269,211,0.22629588842392,0.000103332880826,0.0533,0,2.8549,0.0573,0,2.0456,0.061,0,1.994,0.071,0,2.4441,0.1364,0,1.945,0.152,0,2.9527,0.1648,0,2.2799,0.171,0,3.0908,0.1641,0,2.8653,0.1656,0,3.1837,0.1395,0,2.4682,0.0884,0,3.0891,0.0608,0,2.8913,0.0578,0,2.2549,0.0597,0,2.4768,0.1072,0,1.6612,0.092,0,3.0761,0.1463,0,3.196,0.1832,0,3.2213,0.1464,0,3.1018,0.149,0,2.6635,0.1431,0,2.241,0.0953,0,3.3897,0.0612,0,3.3463,0.0533,0,2.3175,0.0525,0,2.3261,0.0675,0,2.7726,0.0823,0,2.1241,0.1091,0,2.2165,0.1288,0,2.8901,0.0994,0,2.6459,0.1391,0,3.3957,0.1838,0,3.1659,0.1388,0,2.7216,0.1031,0,2.4912,0.0652,0,2.6147,0.0528,0,2.4187,0.047,0,2.3039,0.0599,0,1.633
75,18780,231,0.207326084375381,9.1685418738e-05,0.0411,0,2.2103,0.0378,0,2.2059,0.0403,0,2.7363,0.0687,0,3.2194,0.1402,0,2.1406,0.141,0,2.5877,0.1633,0,2.0603,0.1141,0,2.3931,0.1151,0,2.1251,0.1141,0,3.4038,0.1024,0,3.0948,0.0595,0,4.1286,0.0488,0,3.0772,0.045,0,2.318,0.0527,0,2.4811,0.0633,0,3.0259,0.0782,0,3.5929,0.1621,0,3.0834,0.1554,0,2.6174,0.0987,0,1.9749,0.1054,0,1.6518,0.1052,0,1.5437,0.0621,0,2.4827,0.0496,0,1.615,0.0445,0,1.6717,0.0486,0,1.678,0.0562,0,1.6053,0.0664,0,2.3786,0.1,0,3.4031,0.1162,0,2.9463,0.0901,0,2.4656,0.1339,0,3.1783,0.1665,0,2.5212,0.11,0,3.0145,0.0724,0,2.9831,0.0474,0,2.5349,0.0415,0,2.3354,0.0399,0,2.6299,0.0324,0,2.6812
76,22162,161,0.233547732234001,0.000129550695419,0.039,0,2.3355,0.0359,0,2.6828,0.0436,0,2.6012,0.0736,0,3.7101,0.1155,0,2.0423,0.1744,0,3.7819,0.1758,0,2.8519,0.1219,0,3.1247,0.0846,0,3.1729,0.1053,0,3.4103,0.1081,0,3.9993,0.0723,0,3.124,0.0459,0,3.7977,0.0385,0,3.2252,0.0494,0,3.3483,0.0601,0,3.4882,0.0694,0,3.8049,0.1231,0,3.3233,0.1399,0,3.5792,0.083,0,2.7138,0.0829,0,3.5342,0.0861,0,3.4868,0.0607,0,4.5218,0.047,0,2.7524,0.0406,0,2.9842,0.0447,0,2.3653,0.0476,0,3.1661,0.0598,0,3.1424,0.1002,0,4.1018,0.1033,0,3.0903,0.0852,0,3.0534,0.1348,0,3.7644,0.1959,0,2.9346,0.125,0,4.0846,0.0857,0,3.062,0.063,0,3.2304,0.0397,0,2.8582,0.0447,0,2.9598,0.0446,0,3.2657
77,22571,258,0.270974487066269,0.001023207209073,0.0837,0,2.2992,0.0645,0,2.461,0.0789,0,2.3267,0.0773,0,2.5101,0.1342,0,2.2596,0.1587,0,2.4037,0.1717,0,2.6213,0.1767,0,3.2283,0.1524,0,2.4903,0.1824,0,3.7934,0.1301,0,2.751,0.1118,0,3.1093,0.0773,0,2.9594,0.0781,0,2.4094,0.0844,0,2.1701,0.0974,0,1.8143,0.0992,0,2.3303,0.1643,0,2.0777,0.1737,0,2.948,0.1496,0,2.1738,0.1504,0,2.7648,0.1626,0,2.2753,0.1056,0,3.0556,0.0736,0,2.2342,0.0614,0,2.8062,0.061,0,2.328,0.0863,0,2.6192,0.0898,0,1.6475,0.1232,0,2.2522,0.1314,0,2.4907,0.1099,0,2.1154,0.137,0,3.4538,0.1757,0,2.8375,0.1373,0,2.8106,0.1143,0,2.4303,0.0786,0,2.42,0.0719,0,1.7182,0.0629,0,1.8769,0.0743,0,2.2067
78,22552,109,0.261799812316895,0.000683457765263,0.0476,0,2.4281,0.0471,0,2.4695,0.0509,0,2.6116,0.0684,0,3.0028,0.1159,0,2.0091,0.1798,0,3.6404,0.1728,0,2.5692,0.1197,0,3.3136,0.1152,0,3.2072,0.1053,0,3.306,0.1199,0,3.5538,0.0915,0,3.4501,0.0564,0,3.1488,0.0489,0,2.6092,0.0594,0,3.1266,0.0721,0,2.9078,0.0742,0,2.6298,0.116,0,3.7045,0.145,0,2.8015,0.0999,0,2.2134,0.1038,0,3.1835,0.1211,0,2.4718,0.0715,0,2.742,0.0558,0,2.8815,0.0508,0,2.5651,0.05,0,2.1498,0.0602,0,3.2706,0.0676,0,2.4318,0.1068,0,3.9279,0.1002,0,3.4655,0.0933,0,2.3976,0.1511,0,4.227,0.1851,0,1.9604,0.1409,0,3.0631,0.0943,0,2.5553,0.0652,0,2.9916,0.0582,0,2.704,0.0521,0,2.7976,0.0509,0,2.5877
79,19560,341,0.29050624370575,0.002283971523866,0.0662,0,2.0575,0.0647,0,1.9317,0.0656,0,1.9248,0.0761,0,2.2112,0.1161,0,2.4716,0.1623,0,3.1324,0.1689,0,3.1611,0.1491,0,2.9682,0.1299,0,2.2301,0.148,0,3.1153,0.1411,0,2.7537,0.1051,0,3.4853,0.0692,0,2.1739,0.0615,0,1.9741,0.0711,0,1.9245,0.0863,0,2.3348,0.0726,0,2.7031,0.1356,0,3.323,0.1502,0,2.6908,0.1254,0,2.5229,0.1323,0,2.8104,0.1213,0,2.6472,0.0855,0,2.6262,0.0687,0,1.9617,0.0608,0,2.2104,0.0607,0,2.0365,0.0759,0,2.4727,0.0813,0,2.5094,0.117,0,3.0137,0.1098,0,2.7532,0.0935,0,2.3884,0.1435,0,3.486,0.1642,0,3.2033,0.148,0,3.9651,0.0983,0,2.7247,0.0777,0,2.2864,0.0655,0,2.2753,0.0613,0,2.1143,0.0642,0,1.9739
80,19790,270,0.259472906589508,0.001183477928862,0.0742,0,2.3292,0.0742,0,2.2122,0.0693,0,2.1014,0.0776,0,2.9018,0.1731,0,1.6711,0.1593,0,2.6445,0.1647,0,2.6168,0.1935,0,2.173,0.1678,0,2.3484,0.1487,0,3.8137,0.0989,0,3.0667,0.0788,0,3.0829,0.0616,0,2.8473,0.0619,0,2.6235,0.0684,0,2.9833,0.0742,0,2.6298,0.0772,0,2.9359,0.1817,0,2.3248,0.1893,0,3.1832,0.154,0,2.2274,0.1404,0,2.4766,0.1507,0,2.5707,0.0892,0,3.351,0.0654,0,3.1524,0.058,0,3.0143,0.0563,0,2.7923,0.0716,0,2.3556,0.0695,0,2.9216,0.1378,0,2.3378,0.1377,0,2.5557,0.0997,0,2.6689,0.1534,0,3.2084,0.171,0,2.8588,0.133,0,2.9373,0.0876,0,3.0231,0.0636,0,3.1276,0.0572,0,2.3895,0.0525,0,2.4415,0.0557,0,2.505
81,23715,160,0.397727012634277,0.003943245392293,0.1042,0,3.0694,0.1166,0,2.6573,0.1,0,3.8998,0.1174,0,2.6638,0.1419,0,2.9458,0.1771,0,3.7287,0.1985,0,2.5438,0.2096,0,2.5297,0.167,0,2.8696,0.17,0,3.1213,0.1525,0,3.808,0.1424,0,3.8006,0.1103,0,3.8163,0.1125,0,2.4951,0.1313,0,3.3866,0.1467,0,2.6153,0.1267,0,3.0488,0.1615,0,2.8486,0.1933,0,3.6299,0.1689,0,1.954,0.1639,0,3.294,0.1821,0,3.1348,0.1307,0,3.9682,0.1225,0,2.4161,0.1129,0,2.6647,0.0998,0,2.2414,0.1167,0,3.5883,0.1127,0,2.5842,0.1399,0,2.5674,0.1481,0,2.7495,0.111,0,2.9007,0.1484,0,4.1254,0.1786,0,2.7736,0.1564,0,2.8514,0.1302,0,2.9205,0.1153,0,3.0696,0.1029,0,3.0452,0.1002,0,2.9495,0.1277,0,2.4187
82,23346,131,0.222762674093246,0.000488486664835,0.0713,0,2.1787,0.0523,0,2.7134,0.0633,0,3.859,0.0741,0,2.9937,0.1746,0,2.2797,0.1795,0,2.3121,0.1517,0,3.3499,0.1099,0,3.7336,0.1216,0,2.8075,0.1287,0,3.6429,0.1083,0,2.787,0.0716,0,3.3164,0.0516,0,2.2461,0.051,0,2.4203,0.0585,0,2.5473,0.0523,0,3.2087,0.0743,0,3.2411,0.1927,0,3.2975,0.1671,0,3.1015,0.1102,0,2.9956,0.1177,0,2.4238,0.1076,0,2.9265,0.076,0,2.9224,0.0541,0,2.7275,0.0467,0,2.4799,0.0439,0,2.3289,0.0631,0,2.7561,0.0559,0,2.9713,0.0963,0,3.8069,0.1031,0,3.2469,0.0896,0,2.6216,0.1109,0,3.2763,0.1323,0,2.7548,0.1066,0,4.4419,0.0665,0,2.9862,0.0496,0,2.9817,0.0428,0,2.6301,0.0413,0,2.4288,0.0358,0,3.0411
83,24074,105,0.334680467844009,0.001156953629106,0.0801,0,2.762,0.0772,0,3.4494,0.071,0,3.4325,0.0841,0,3.9336,0.1294,0,2.1273,0.1573,0,2.7965,0.1562,0,2.0743,0.1837,0,3.6665,0.1559,0,3.0277,0.1658,0,4.0539,0.146,0,3.8683,0.112,0,3.3398,0.0992,0,3.2352,0.0813,0,3.2355,0.0961,0,4.1019,0.0905,0,3.0297,0.0871,0,3.9204,0.1219,0,3.025,0.1565,0,4.4154,0.1447,0,2.8003,0.1334,0,2.7294,0.1542,0,4.1854,0.1055,0,2.8651,0.0897,0,2.6101,0.0814,0,3.6789,0.0748,0,2.6993,0.0862,0,3.3744,0.0744,0,3.3853,0.0994,0,3.1392,0.1157,0,3.6816,0.1033,0,3.6639,0.1456,0,3.4295,0.1853,0,2.5564,0.1327,0,3.4977,0.1065,0,3.254,0.0818,0,3.5374,0.0712,0,2.5668,0.0669,0,3.3186,0.0524,0,2.4516
84,24244,106,0.234635755419731,0.000170612329384,0.0561,0,2.2841,0.0593,0,1.915,0.0682,0,2.2905,0.0694,0,2.9127,0.1854,0,1.7044,0.1655,0,3.3719,0.1948,0,2.8187,0.1459,0,2.6129,0.1225,0,3.1397,0.102,0,2.3773,0.1161,0,3.1356,0.0787,0,1.9252,0.0552,0,2.949,0.0506,0,2.3574,0.0668,0,2.635,0.0803,0,2.3148,0.0787,0,2.5572,0.1449,0,2.0718,0.2077,0,2.481,0.1399,0,2.9333,0.1247,0,2.9284,0.106,0,2.5351,0.076,0,3.3155,0.0642,0,2.551,0.0582,0,2.0028,0.0551,0,2.0499,0.0598,0,2.8405,0.0619,0,3.1206,0.1291,0,2.729,0.1166,0,3.5988,0.1031,0,2.4354,0.1815,0,2.2348,0.1793,0,2.9495,0.1254,0,3.2837,0.0911,0,2.4093,0.0624,0,2.6131,0.0496,0,2.9082,0.0468,0,2.6894,0.0408,0,2.5989
85,26307,103,0.243412405252457,0.00020060352108,0.0554,0,2.4099,0.0525,0,2.7343,0.0501,0,3.2431,0.0662,0,3.2315,0.1247,0,2.4157,0.1281,0,3.0527,0.143,0,3.196,0.1499,0,2.8809,0.1384,0,2.0561,0.1198,0,2.8869,0.1053,0,2.9968,0.0836,0,2.8354,0.0585,0,3.3118,0.0584,0,2.4858,0.059,0,4.2306,0.0825,0,3.2954,0.0778,0,3.9743,0.1587,0,2.785,0.1744,0,2.7706,0.1716,0,2.1323,0.1861,0,2.7268,0.1592,0,3.375,0.0803,0,4.6694,0.0663,0,2.3907,0.0669,0,2.4711,0.0854,0,1.8731,0.0892,0,1.9495,0.0831,0,3.8509,0.1174,0,2.892,0.1193,0,4.0863,0.0989,0,4.0028,0.175,0,3.0333,0.2288,0,3.0807,0.1463,0,3.5912,0.0787,0,2.7852,0.0688,0,3.4425,0.045,0,3.8117,0.0428,0,2.9087,0.0403,0,1.9717
86,25012,259,0.273725688457489,0.001018753391691,0.0607,0,2.4968,0.0612,0,2.3869,0.0625,0,2.7958,0.0765,0,2.623,0.1569,0,1.713,0.1813,0,2.4404,0.1986,0,1.8013,0.1639,0,2.8118,0.1604,0,2.8097,0.1455,0,2.9236,0.1152,0,2.8318,0.0965,0,2.7592,0.0719,0,2.5206,0.0696,0,2.0979,0.082,0,3.1381,0.0764,0,2.3234,0.0722,0,2.7361,0.1307,0,3.176,0.1623,0,2.7429,0.1191,0,2.4121,0.1258,0,3.0681,0.1337,0,2.8584,0.0873,0,3.0318,0.0781,0,3.0974,0.0656,0,2.876,0.0596,0,2.7063,0.081,0,2.4776,0.0605,0,2.4848,0.1096,0,3.6066,0.1067,0,3.8049,0.0957,0,2.659,0.1378,0,3.3768,0.1777,0,3.0782,0.126,0,2.9537,0.0957,0,2.8355,0.0774,0,3.2672,0.059,0,3.6078,0.0537,0,3.7798,0.0474,0,2.3104
87,27465,115,0.258843302726746,0.000919873244129,0.0671,0,2.2455,0.0544,0,2.4694,0.064,0,2.5496,0.0752,0,2.8991,0.1093,0,1.5717,0.1205,0,4.0901,0.1639,0,3.9652,0.1481,0,4.1049,0.1323,0,3.5579,0.1393,0,3.5826,0.1031,0,2.2852,0.087,0,3.708,0.0666,0,2.9503,0.0647,0,2.8299,0.067,0,2.5801,0.075,0,2.8816,0.0812,0,2.5259,0.1235,0,2.828,0.1829,0,3.9248,0.125,0,3.444,0.1368,0,2.853,0.129,0,2.5412,0.0821,0,3.4778,0.0573,0,2.911,0.0543,0,3.523,0.0465,0,2.3252,0.0656,0,2.755,0.0692,0,3.1008,0.1137,0,4.5348,0.115,0,3.7084,0.1094,0,3.365,0.1491,0,5.2041,0.1743,0,3.2942,0.1317,0,3.7587,0.101,0,4.2179,0.0737,0,2.6129,0.0579,0,2.4808,0.0504,0,2.1555,0.0462,0,2.4735
88,28571,310,0.242870181798935,0.000768229423556,0.068,0,1.8256,0.0641,0,1.724,0.0696,0,1.4546,0.0889,0,1.8086,0.1408,0,2.0208,0.1488,0,2.4724,0.1558,0,2.6206,0.1449,0,3.0276,0.1426,0,2.5903,0.1272,0,2.6208,0.1043,0,2.3593,0.0902,0,1.6106,0.0828,0,1.971,0.0839,0,1.5046,0.0803,0,1.106,0.0951,0,1.304,0.0904,0,1.6398,0.1383,0,1.7314,0.1265,0,1.7495,0.0964,0,1.4986,0.0944,0,1.7031,0.0918,0,1.8629,0.069,0,1.279,0.0577,0,1.2786,0.0569,0,1.1237,0.0466,0,1.0177,0.0563,0,1.0894,0.0856,0,1.5421,0.1081,0,1.7646,0.137,0,2.5308,0.0875,0,1.5963,0.1245,0,2.6089,0.1517,0,2.2112,0.1134,0,2.1062,0.0972,0,1.9052,0.0663,0,1.5533,0.0459,0,1.6799,0.044,0,1.0964,0.0447,0,1.0791
