,label,nbPixels,meanB0,varB0,mean__012019,valid_012019,std___012019,nan___012019,NDVI_012019,mean__022019,valid_022019,std___022019,nan___022019,NDVI_022019,mean__032019,valid_032019,std___032019,nan___032019,NDVI_032019,mean__042019,valid_042019,std___042019,nan___042019,NDVI_042019,valid_052019,nan___052019,mean__052019,std___052019,NDVI_052019,mean__062019,valid_062019,std___062019,nan___062019,NDVI_062019,valid_072019,nan___072019,mean__072019,std___072019,NDVI_072019,valid_082019,nan___082019,mean__082019,std___082019,NDVI_082019,mean__092019,valid_092019,std___092019,nan___092019,NDVI_092019,mean__102019,valid_102019,std___102019,nan___102019,NDVI_102019,mean__112019,valid_112019,std___112019,nan___112019,NDVI_112019,mean__122019,valid_122019,std___122019,nan___122019,NDVI_122019,mean__012020,valid_012020,std___012020,nan___012020,NDVI_012020,mean__022020,valid_022020,std___022020,nan___022020,NDVI_022020,mean__032020,valid_032020,std___032020,nan___032020,NDVI_032020,mean__042020,valid_042020,std___042020,nan___042020,NDVI_042020,mean__052020,valid_052020,std___052020,nan___052020,NDVI_052020,mean__062020,valid_062020,std___062020,nan___062020,NDVI_062020,mean__072020,valid_072020,std___072020,nan___072020,NDVI_072020,mean__082020,valid_082020,std___082020,nan___082020,NDVI_082020,mean__092020,valid_092020,std___092020,nan___092020,NDVI_092020,mean__102020,valid_102020,std___102020,nan___102020,NDVI_102020,mean__112020,valid_112020,std___112020,nan___112020,NDVI_112020,mean__122020,valid_122020,std___122020,nan___122020,NDVI_122020,mean__012021,valid_012021,std___012021,nan___012021,NDVI_012021,mean__022021,valid_022021,std___022021,nan___022021,NDVI_022021,mean__032021,valid_032021,std___032021,nan___032021,NDVI_032021,mean__042021,valid_042021,std___042021,nan___042021,NDVI_042021,mean__052021,valid_052021,std___052021,nan___052021,NDVI_052021,mean__062021,valid_062021,std___062021,nan___062021,NDVI_062021,mean__072021,valid_072021,std___072021,nan___072021,NDVI_072021,mean__082021,valid_082021,std___082021,nan___082021,NDVI_082021,mean__092021,valid_092021,std___092021,nan___092021,NDVI_092021,mean__102021,valid_102021,std___102021,nan___102021,NDVI_102021,mean__112021,valid_112021,std___112021,nan___112021,NDVI_112021,mean__122021,valid_122021,std___122021,nan___122021,NDVI_122021,mean__012022,valid_012022,std___012022,nan___012022,NDVI_012022,mean__022022,valid_022022,std___022022,nan___022022,NDVI_022022,mean__032022,valid_032022,std___032022,nan___032022,NDVI_032022
0,142,194,0.281380951404572,0.001297718496062,0.2338,194,0.0285,0,23.3834,0.2383,194,0.0365,0,23.8297,0.2519,194,0.0401,0,25.1906,0.3145,194,0.0541,0,31.4463,0,194,,,,0.5901,194,0.0433,0,59.0053,0,194,,,,0,194,,,,0.4746,194,0.0508,0,47.4637,0.6179,194,0.0579,0,61.7856,0.5782,194,0.0492,0,57.8194,0.4806,194,0.0517,0,48.057,0.2479,194,0.0234,0,24.7868,0.1879,194,0.0174,0,18.7926,0.2331,194,0.0384,0,23.3143,0.4147,194,0.049,0,41.4725,0.3624,2,0.0243,192,36.2418,0.7167,194,0.0629,0,71.6692,0.6183,194,0.0739,0,61.8337,0.5657,116,0.1171,78,56.5741,0.6813,194,0.0852,0,68.1274,0.7131,194,0.0616,0,71.313,0.4727,194,0.0614,0,47.2684,0.2622,194,0.0396,0,26.2174,0.225,194,0.038,0,22.5022,0.1771,194,0.0173,0,17.709,0.2366,194,0.0232,0,23.6595,0.3342,192,0.0382,2,33.4231,0.6574,194,0.0579,0,65.7392,0.6292,194,0.0608,0,62.9175,0.6914,194,0.0581,0,69.1417,0.6067,194,0.0643,0,60.6687,0.4016,11,0.0232,183,40.1605,0.5809,194,0.0525,0,58.092,0.434,194,0.06,0,43.3972,0.2917,194,0.0456,0,29.1678,0.222,194,0.0255,0,22.1977,0.1559,194,0.0186,0,15.5936,0.2524,194,0.0217,0,25.2387
1,691,203,0.396434605121613,0.000726359896362,0.3245,203,0.0325,0,32.4467,0.3208,203,0.033,0,32.0786,0.3364,203,0.0363,0,33.6387,0.4434,203,0.0421,0,44.3397,0,203,,,,0.6028,203,0.0475,0,60.2766,0,203,,,,0,203,,,,0.7079,203,0.0357,0,70.7895,0.7111,203,0.0445,0,71.1061,0.6785,203,0.0256,0,67.847,0.6022,203,0.0336,0,60.2197,0.3272,203,0.0287,0,32.7207,0.2319,203,0.0273,0,23.1893,0.3193,203,0.045,0,31.9298,0.527,203,0.0369,0,52.6989,0.429,93,0.0397,110,42.9031,0.7537,203,0.0254,0,75.3733,0.6503,203,0.0403,0,65.0318,0.7253,202,0.028,1,72.5265,0.5844,202,0.1026,1,58.4408,0.7755,203,0.0278,0,77.5517,0.5974,203,0.0412,0,59.7407,0.4159,203,0.0383,0,41.5902,0.3008,203,0.0381,0,30.0773,0.2198,203,0.0227,0,21.9781,0.2564,203,0.0174,0,25.6414,0.3912,106,0.0193,97,39.123,0.6995,203,0.0329,0,69.951,0.6668,203,0.0502,0,66.6807,0.7241,203,0.037,0,72.4086,0.6312,203,0.0383,0,63.1249,0.4568,109,0.0336,94,45.6806,0.6003,203,0.0895,0,60.0333,0.561,203,0.0723,0,56.0965,0.4273,203,0.0306,0,42.7258,0.2905,203,0.0282,0,29.0487,0.1945,203,0.0203,0,19.4509,0.2826,203,0.0204,0,28.2583
2,1438,146,0.475725680589676,0.001316017936915,0.3968,146,0.0295,0,39.6819,0.3582,146,0.046,0,35.8239,0.374,146,0.0591,0,37.4008,0.5036,146,0.0453,0,50.3558,0,146,,,,0.6713,146,0.0358,0,67.1311,0,146,,,,0,146,,,,0.7238,146,0.0222,0,72.3771,0.6479,146,0.0456,0,64.789,0.7202,146,0.0302,0,72.017,0.6774,146,0.0362,0,67.7379,0.4031,146,0.03,0,40.3122,0.2894,146,0.0275,0,28.9355,0.4205,146,0.0551,0,42.0458,0.5598,146,0.031,0,55.9847,0.3995,79,0.0375,67,39.9549,0.7655,146,0.0198,0,76.548,0.6519,146,0.0839,0,65.1856,0.6926,122,0.051,24,69.2592,0.5936,145,0.1317,1,59.3623,0.7816,146,0.024,0,78.1623,0.6555,146,0.0329,0,65.5476,0.5024,146,0.0476,0,50.2415,0.3896,146,0.0442,0,38.957,0.2657,146,0.0289,0,26.5683,0.2995,146,0.0266,0,29.9529,0.433,77,0.0254,69,43.3038,0.6904,146,0.0292,0,69.0359,0.7303,146,0.0375,0,73.0263,0.6544,146,0.0769,0,65.4381,0.6372,146,0.0494,0,63.7159,,0,,146,,0.6786,146,0.1003,0,67.8591,0.6491,146,0.0318,0,64.9138,0.4953,146,0.0332,0,49.5319,0.3594,146,0.0345,0,35.9432,0.2492,146,0.0318,0,24.919,0.3211,146,0.0268,0,32.1105
3,725,253,0.266990721225739,0.000926131266169,0.2304,253,0.0247,0,23.0429,0.223,253,0.0312,0,22.2983,0.2427,253,0.0336,0,24.2744,0.2732,253,0.036,0,27.3196,0,253,,,,0.6324,253,0.073,0,63.2418,0,253,,,,0,253,,,,0.4241,253,0.046,0,42.4071,0.5804,253,0.0593,0,58.0417,0.548,253,0.0403,0,54.7989,0.461,253,0.0393,0,46.0969,0.2391,253,0.0204,0,23.9083,0.1825,253,0.016,0,18.2521,0.219,253,0.036,0,21.9003,0.3715,253,0.0365,0,37.151,0.3083,53,0.0399,200,30.8348,0.6819,253,0.0379,0,68.194,0.5692,253,0.0723,0,56.9218,0.3628,88,0.0364,165,36.2758,0.5505,154,0.0975,99,55.0537,0.6644,253,0.0529,0,66.4433,0.4528,253,0.0441,0,45.2806,0.2583,253,0.047,0,25.8326,0.219,253,0.0356,0,21.8961,0.1696,253,0.0209,0,16.9567,0.2323,253,0.0232,0,23.2277,0.3057,253,0.0293,0,30.5686,0.6074,253,0.0611,0,60.741,0.577,253,0.076,0,57.6997,0.5913,246,0.1083,7,59.1255,0.54,253,0.053,0,54.0049,0.4394,136,0.0296,117,43.9434,0.557,253,0.0423,0,55.7045,0.4219,253,0.0622,0,42.1883,0.2627,253,0.0463,0,26.2677,0.2104,253,0.0282,0,21.0425,0.1503,253,0.0218,0,15.0283,0.2435,253,0.0208,0,24.3496
4,336,313,0.34716135263443,0.000723276403733,0.2887,313,0.0323,0,28.8657,0.2837,313,0.0313,0,28.3724,0.3011,313,0.0361,0,30.1142,0.3593,313,0.0377,0,35.9339,0,313,,,,0.5446,307,0.0873,6,54.4553,0,313,,,,0,313,,,,0.5587,313,0.08,0,55.871,0.6618,313,0.0487,0,66.1786,0.6298,313,0.0332,0,62.9783,0.5465,313,0.0337,0,54.6475,0.304,313,0.0298,0,30.3953,0.2206,313,0.0216,0,22.0644,0.2841,313,0.036,0,28.4124,0.4616,313,0.0364,0,46.1586,0.3518,175,0.0363,138,35.1832,0.7179,313,0.0359,0,71.7934,0.6429,313,0.0322,0,64.2922,0.5804,217,0.1113,96,58.0404,0.5735,260,0.1381,53,57.3463,0.736,313,0.042,0,73.5987,0.5287,313,0.0454,0,52.8684,0.3545,313,0.0404,0,35.4453,0.2778,313,0.0335,0,27.7788,0.2019,313,0.0208,0,20.1901,0.2576,313,0.0257,0,25.7633,0.3655,303,0.0232,10,36.5496,0.6736,313,0.0387,0,67.3637,0.6631,313,0.038,0,66.308,0.6796,300,0.086,13,67.9553,0.6156,313,0.0471,0,61.5586,0.4322,42,0.0137,271,43.2233,0.615,313,0.056,0,61.5026,0.4985,313,0.0716,0,49.8452,0.3742,313,0.0445,0,37.4197,0.2602,313,0.0243,0,26.0153,0.1798,313,0.016,0,17.9818,0.265,313,0.0176,0,26.4951
5,1858,272,0.296376079320908,0.001529820263386,0.2699,272,0.0305,0,26.9902,0.2381,272,0.0399,0,23.8124,0.262,272,0.0492,0,26.2026,0.289,272,0.059,0,28.9013,0,272,,,,0.6643,272,0.0698,0,66.4283,0,272,,,,0,272,,,,0.3722,194,0.051,78,37.2248,0.5735,272,0.0616,0,57.3522,0.5775,272,0.0494,0,57.7521,0.4841,272,0.0401,0,48.4128,0.262,272,0.025,0,26.2044,0.1888,272,0.0242,0,18.8804,0.2428,272,0.055,0,24.2791,0.4033,272,0.0556,0,40.3304,0.3313,197,0.069,75,33.1271,0.6635,272,0.0666,0,66.3504,0.4927,272,0.0806,0,49.2744,0.3843,28,0.0462,244,38.4322,0.4692,65,0.1275,207,46.9194,0.6567,272,0.0538,0,65.6682,0.4669,272,0.0496,0,46.6906,0.2843,272,0.0504,0,28.4254,0.2366,272,0.0472,0,23.6622,0.1808,272,0.0269,0,18.0844,0.2344,272,0.0284,0,23.4412,0.3119,272,0.0372,0,31.1883,0.612,272,0.0447,0,61.2035,0.555,272,0.0586,0,55.5022,0.5863,272,0.0647,0,58.6315,0.5185,272,0.0596,0,51.8491,0.4733,218,0.0381,54,47.3346,0.5735,272,0.0594,0,57.3462,0.4615,272,0.0562,0,46.1549,0.3073,272,0.0561,0,30.7337,0.2258,272,0.0335,0,22.578,0.1575,272,0.0282,0,15.7475,0.2414,272,0.0289,0,24.1412
6,3319,213,0.414361655712128,0.001135682105087,0.3536,213,0.0336,0,35.3614,0.3277,213,0.0659,0,32.7655,0.3446,213,0.0684,0,34.4633,0.4326,213,0.0499,0,43.2572,0,213,,,,0.5443,210,0.0975,3,54.4274,0,213,,,,0,213,,,,0.6464,213,0.0748,0,64.6365,0.6584,213,0.0751,0,65.8362,0.685,213,0.0349,0,68.5023,0.6207,213,0.036,0,62.0715,0.3617,213,0.0299,0,36.1722,0.266,213,0.0268,0,26.6045,0.3626,213,0.0589,0,36.262,0.5222,213,0.0373,0,52.2236,0.3919,206,0.0468,7,39.1873,0.7441,213,0.028,0,74.4062,0.6585,213,0.022,0,65.8504,0.501,110,0.1086,103,50.0973,0.4835,128,0.1515,85,48.3469,0.7495,213,0.0376,0,74.9498,0.6176,213,0.044,0,61.7551,0.4319,213,0.0489,0,43.1872,0.3297,213,0.0468,0,32.9681,0.2356,213,0.0299,0,23.556,0.2791,213,0.0299,0,27.9073,0.3996,210,0.0263,3,39.9605,0.7046,213,0.0257,0,70.4642,0.7236,213,0.0362,0,72.3649,0.6439,181,0.092,32,64.3865,0.6384,213,0.0835,0,63.8412,0.4267,6,0.0298,207,42.6692,0.6617,213,0.0741,0,66.1677,0.6116,213,0.0502,0,61.1638,0.4695,213,0.0389,0,46.9546,0.3147,213,0.037,0,31.4651,0.2165,213,0.0271,0,21.6546,0.2949,213,0.0267,0,29.4863
7,5400,150,0.343790620565414,0.000700188975316,0.2982,150,0.0251,0,29.8243,0.3019,150,0.038,0,30.1898,0.3251,150,0.0462,0,32.5097,0.3583,150,0.0661,0,35.8323,0,150,,,,0.4856,149,0.095,1,48.5615,0,150,,,,0,150,,,,0.6028,150,0.0824,0,60.2838,0.663,150,0.0464,0,66.2964,0.6313,150,0.0453,0,63.1332,0.5372,150,0.0473,0,53.7162,0.3011,150,0.0253,0,30.1114,0.2217,150,0.02,0,22.167,0.2838,150,0.0434,0,28.379,0.4646,150,0.0466,0,46.4591,0.4067,150,0.065,0,40.6658,0.7034,150,0.0698,0,70.3361,0.6433,150,0.0362,0,64.3266,0.3914,97,0.0453,53,39.1376,,0,,150,,0.7393,150,0.0251,0,73.9309,0.5706,150,0.0527,0,57.057,0.37,150,0.0394,0,37.0007,0.282,150,0.0383,0,28.1987,0.2095,150,0.0223,0,20.9461,0.2727,150,0.018,0,27.2689,0.3573,150,0.0316,0,35.7254,0.6355,150,0.0524,0,63.5531,0.6431,150,0.0816,0,64.3071,0.4402,30,0.1958,120,44.0207,0.5766,134,0.0765,16,57.6624,0.4426,47,0.0225,103,44.2594,0.5876,150,0.0343,0,58.7576,0.5443,150,0.0624,0,54.4251,0.4077,150,0.0399,0,40.7705,0.2617,150,0.0309,0,26.168,0.1805,150,0.0223,0,18.0468,0.2614,150,0.0225,0,26.1409
8,4973,150,0.325396716594696,0.000500205380376,0.2472,150,0.0365,0,24.7213,0.2785,150,0.0335,0,27.8538,0.2758,150,0.0432,0,27.5765,0.4516,150,0.0527,0,45.1584,0,150,,,,0.7059,150,0.0767,0,70.5873,0,150,,,,45,105,0.3877,0.0745,38.7655,0.6657,150,0.0619,0,66.5746,0.5955,108,0.0631,42,59.5472,0.6737,150,0.0364,0,67.3749,0.5502,150,0.0445,0,55.015,0.2806,150,0.0155,0,28.0584,0.1991,150,0.0133,0,19.9052,0.2614,150,0.0331,0,26.138,0.4592,150,0.0756,0,45.9199,0.3869,150,0.0577,0,38.6904,0.7111,150,0.0677,0,71.1129,0.5624,150,0.089,0,56.2382,0.3904,75,0.0547,75,39.0437,0.5978,144,0.0855,6,59.7828,0.667,150,0.0879,0,66.6971,0.5447,150,0.0615,0,54.4664,0.3314,150,0.0374,0,33.136,0.2469,150,0.0318,0,24.693,0.1556,150,0.0127,0,15.5615,0.2105,150,0.0211,0,21.05,0.3234,135,0.038,15,32.3445,0.5607,150,0.0818,0,56.0737,0.6086,150,0.0837,0,60.8616,,0,,150,,0.6442,150,0.106,0,64.4248,,0,,150,,0.5693,150,0.098,0,56.9299,0.5177,150,0.049,0,51.7653,0.3594,150,0.0403,0,35.9439,0.2417,150,0.0237,0,24.1732,0.16,150,0.0176,0,16.0023,0.2393,150,0.023,0,23.9342
9,3668,270,0.283464103937149,0.000546855968423,0.2269,270,0.0282,0,22.6946,0.2481,270,0.0302,0,24.8053,0.231,270,0.03,0,23.1048,0.378,270,0.0397,0,37.7952,0,270,,,,0.6321,270,0.068,0,63.2095,0,270,,,,50,220,0.4576,0.0484,45.757,0.6974,270,0.0452,0,69.738,0.5562,267,0.0818,3,55.6158,0.6562,270,0.0411,0,65.6179,0.5219,270,0.041,0,52.1892,0.2626,270,0.0173,0,26.2576,0.1859,270,0.0141,0,18.5904,0.2429,270,0.0313,0,24.286,0.4402,270,0.0529,0,44.0243,0.3424,263,0.0489,7,34.2447,0.5739,270,0.1433,0,57.3879,0.4912,270,0.1169,0,49.1186,0.3571,122,0.0468,148,35.7066,0.545,260,0.096,10,54.4968,0.6533,270,0.0754,0,65.3305,0.4685,270,0.0526,0,46.8514,0.2729,270,0.0375,0,27.2932,0.2266,270,0.0281,0,22.6566,0.1595,270,0.0129,0,15.9537,0.2026,270,0.0254,0,20.2635,0.2431,125,0.046,145,24.3065,0.4585,270,0.1103,0,45.8493,0.397,270,0.0965,0,39.7022,0.3564,183,0.1045,87,35.6447,0.5827,270,0.1253,0,58.2743,0.4053,28,0.0293,242,40.5272,0.6143,270,0.0928,0,61.4293,0.4273,270,0.0491,0,42.7313,0.3279,270,0.0329,0,32.7854,0.2232,270,0.0199,0,22.3224,0.1473,270,0.0156,0,14.7282,0.2148,270,0.0236,0,21.4819
10,4778,158,0.272913962602615,0.000890312658157,0.2395,158,0.0247,0,23.954,0.2464,158,0.0336,0,24.6365,0.2243,158,0.0227,0,22.4305,0.3351,158,0.0497,0,33.5101,0,158,,,,0.6534,158,0.0819,0,65.3422,0,158,,,,85,73,0.3247,0.0617,32.4678,0.674,158,0.0546,0,67.3999,0.5501,146,0.0521,12,55.0072,0.6352,158,0.0393,0,63.5205,0.4813,158,0.044,0,48.1262,0.2516,158,0.0282,0,25.159,0.1859,158,0.0187,0,18.5853,0.2225,158,0.0405,0,22.2464,0.3708,158,0.0442,0,37.0801,0.2943,158,0.04,0,29.4316,0.5751,158,0.0594,0,57.5136,0.3477,152,0.0838,6,34.7659,0.3361,106,0.0603,52,33.607,0.4544,105,0.0764,53,45.4445,0.6472,158,0.0756,0,64.7209,0.4714,158,0.054,0,47.1367,0.266,158,0.0414,0,26.6003,0.2282,158,0.0404,0,22.8226,0.1432,158,0.0147,0,14.3214,0.1818,158,0.0208,0,18.1821,0.282,153,0.0276,5,28.2025,0.5724,158,0.0388,0,57.2358,0.5021,158,0.0578,0,50.2092,0.2434,1,0.0,157,24.3443,0.4323,158,0.0771,0,43.2303,0.2647,4,0.005,154,26.4701,0.4768,158,0.0723,0,47.6838,0.4114,158,0.0604,0,41.1444,0.288,158,0.0406,0,28.8045,0.2208,158,0.0275,0,22.0831,0.1484,158,0.0213,0,14.842,0.2225,158,0.022,0,22.2468
11,3683,280,0.33478057384491,0.001002615899779,0.2956,280,0.026,0,29.5618,0.2669,280,0.0404,0,26.6859,0.2708,280,0.0468,0,27.0847,0.4068,280,0.0809,0,40.6823,0,280,,,,0.5886,280,0.081,0,58.8627,0,280,,,,51,229,0.5468,0.1084,54.6774,0.6695,280,0.0504,0,66.9499,0.606,263,0.0785,17,60.5959,0.6748,280,0.0443,0,67.4794,0.5735,280,0.0429,0,57.3473,0.299,280,0.0269,0,29.8953,0.2142,280,0.019,0,21.419,0.276,280,0.0421,0,27.6049,0.5088,280,0.0724,0,50.8849,0.3966,269,0.0616,11,39.6552,0.7445,280,0.0498,0,74.4484,0.6441,280,0.046,0,64.4092,0.5373,30,0.1023,250,53.7261,0.5854,113,0.0877,167,58.5437,0.7322,280,0.0449,0,73.2205,0.5826,280,0.0586,0,58.2633,0.3495,280,0.0471,0,34.9545,0.2457,280,0.047,0,24.572,0.1791,280,0.0279,0,17.9149,0.239,280,0.0308,0,23.8997,0.3762,262,0.0493,18,37.6204,0.6698,280,0.0665,0,66.9815,0.7052,280,0.0716,0,70.5227,0.5284,239,0.1164,41,52.8397,0.676,280,0.0392,0,67.6027,0.4203,17,0.0934,263,42.0279,0.6793,280,0.0739,0,67.9267,0.5776,280,0.0754,0,57.7596,0.4238,280,0.0489,0,42.3806,0.2584,280,0.0308,0,25.8425,0.178,280,0.0223,0,17.8018,0.2726,280,0.0254,0,27.2561
12,5062,172,0.243928015232086,0.000810695695691,0.2513,172,0.0365,0,25.1254,0.2034,172,0.0237,0,20.3372,0.2223,172,0.0282,0,22.2317,0.2484,172,0.0292,0,24.8403,0,172,,,,0.6482,172,0.0667,0,64.8213,0,172,,,,0,172,,,,0.3837,51,0.0675,121,38.3686,0.5809,172,0.0612,0,58.0912,0.5576,172,0.0342,0,55.7597,0.4505,172,0.0355,0,45.0486,0.2364,172,0.0233,0,23.6447,0.176,172,0.0204,0,17.5961,0.2105,172,0.0404,0,21.0501,0.3938,172,0.0354,0,39.3812,0.2807,167,0.0431,5,28.0737,0.3843,172,0.1452,0,38.432,0.3032,171,0.0426,1,30.3164,0.4035,141,0.1041,31,40.3501,,0,,172,,0.4922,172,0.0879,0,49.2157,0.3644,172,0.0807,0,36.4385,0.2289,172,0.0468,0,22.8934,0.1881,172,0.0344,0,18.8137,0.1539,172,0.0264,0,15.3937,0.1915,172,0.031,0,19.1482,0.2644,172,0.0287,0,26.4439,0.4638,172,0.1672,0,46.3804,0.4169,172,0.1575,0,41.686,0.4565,172,0.1584,0,45.6489,0.4148,172,0.1069,0,41.4804,0.48,171,0.0616,1,48.0012,0.5077,139,0.0829,33,50.7688,0.4244,172,0.0641,0,42.4433,0.2745,172,0.0627,0,27.4466,0.2012,172,0.0296,0,20.1193,0.1355,172,0.0251,0,13.5509,0.1931,172,0.037,0,19.3079
13,7418,181,0.290531784296036,0.000361140555469,0.2703,181,0.0191,0,27.0325,0.2693,181,0.0311,0,26.9264,0.2928,181,0.041,0,29.2803,0.4439,181,0.0508,0,44.3894,0,181,,,,0.5792,181,0.057,0,57.9234,0,181,,,,122,59,0.4114,0.0629,41.1355,0.6217,181,0.0701,0,62.1699,0.4806,22,0.0744,159,48.0594,0.617,181,0.038,0,61.6969,0.4933,181,0.0346,0,49.3323,0.2662,181,0.0168,0,26.6182,0.1903,181,0.0128,0,19.033,0.2374,181,0.027,0,23.7429,0.3777,181,0.0701,0,37.7711,0.3214,181,0.0362,0,32.1394,0.6421,181,0.0889,0,64.2106,0.3798,177,0.0759,4,37.984,0.309,7,0.0141,174,30.8961,0.4325,161,0.0879,20,43.2536,0.6702,181,0.0786,0,67.015,0.4891,181,0.0395,0,48.9124,0.2819,181,0.0311,0,28.1888,0.2341,181,0.0244,0,23.4131,0.1422,181,0.0119,0,14.215,0.2016,181,0.0193,0,20.1628,0.2804,181,0.0308,0,28.0392,0.5511,181,0.0592,0,55.1114,0.4399,181,0.1174,0,43.9908,0.2649,47,0.045,134,26.4923,0.5207,181,0.0862,0,52.0696,,0,,181,,0.5944,181,0.0852,0,59.436,0.4525,181,0.0435,0,45.2497,0.3157,181,0.0393,0,31.5703,0.2181,181,0.0257,0,21.8106,0.1465,181,0.0201,0,14.6518,0.2107,181,0.0302,0,21.0673
14,2980,346,0.245385780930519,0.000313374621328,0.2301,346,0.0265,0,23.0055,0.2029,346,0.0227,0,20.2925,0.218,346,0.0267,0,21.8009,0.2489,346,0.0295,0,24.8876,0,346,,,,0.6614,346,0.0721,0,66.1387,0,346,,,,0,346,,,,0.3876,324,0.0431,22,38.7556,0.562,346,0.0662,0,56.2024,0.5426,346,0.0365,0,54.2617,0.4609,346,0.0335,0,46.0872,0.2312,346,0.0175,0,23.1227,0.1721,346,0.0123,0,17.2095,0.1995,346,0.0265,0,19.9536,0.3629,346,0.0337,0,36.2899,0.2773,281,0.0433,65,27.7298,0.4869,346,0.1611,0,48.6904,0.3793,344,0.084,2,37.9307,0.381,240,0.091,106,38.102,0.4821,15,0.0787,331,48.206,0.5546,346,0.0881,0,55.4569,0.4202,346,0.0609,0,42.0166,0.2448,346,0.0385,0,24.4843,0.1979,346,0.0252,0,19.7934,0.1484,346,0.0155,0,14.8442,0.2001,346,0.0213,0,20.0128,0.2794,346,0.0208,0,27.9371,0.4793,346,0.1509,0,47.9307,0.4197,346,0.1255,0,41.9691,0.442,296,0.1395,50,44.2033,0.3848,332,0.0995,14,38.4783,0.435,341,0.0486,5,43.4962,0.5073,341,0.0795,5,50.7348,0.4716,346,0.093,0,47.1552,0.269,346,0.0462,0,26.9006,0.2007,346,0.0195,0,20.0712,0.1351,346,0.0122,0,13.5135,0.1981,346,0.024,0,19.8077
15,7006,207,0.244445875287056,0.000778675079346,0.2283,207,0.0213,0,22.8323,0.2234,207,0.0225,0,22.3357,0.221,207,0.0269,0,22.0967,0.3103,207,0.0307,0,31.0348,0,207,,,,0.5232,207,0.1466,0,52.3195,0,207,,,,207,0,0.5602,0.1153,56.0177,0.7026,207,0.0538,0,70.2605,0.5734,143,0.1338,64,57.3436,0.6127,207,0.0568,0,61.2711,0.4278,207,0.0478,0,42.7758,0.2176,207,0.0213,0,21.7638,0.1719,207,0.0178,0,17.1896,0.2196,207,0.0439,0,21.9632,0.3808,207,0.0337,0,38.0765,0.3274,207,0.0371,0,32.7423,0.5717,207,0.1188,0,57.172,,0,,207,,0.4434,205,0.1105,2,44.3359,0.4234,154,0.1398,53,42.3354,0.6845,207,0.0867,0,68.4521,0.4525,207,0.0628,0,45.2535,0.2083,207,0.0312,0,20.833,0.2084,207,0.0329,0,20.8444,0.1422,207,0.0181,0,14.2162,0.1754,207,0.0247,0,17.5442,0.2673,207,0.034,0,26.7293,0.4987,207,0.1065,0,49.8711,0.4391,207,0.0935,0,43.9125,0.1617,125,0.0545,82,16.1748,0.5837,207,0.1327,0,58.3686,0.3479,1,0.0,206,34.7924,0.5967,207,0.0643,0,59.6741,0.4279,207,0.0518,0,42.7887,0.2743,207,0.0453,0,27.4282,0.2057,207,0.029,0,20.5744,0.1429,207,0.023,0,14.2854,0.2032,207,0.0232,0,20.3171
16,6359,113,0.291055351495743,0.000510931015015,0.2363,113,0.0228,0,23.6282,0.2514,113,0.0286,0,25.1395,0.2721,113,0.0337,0,27.2115,0.3152,113,0.0425,0,31.5184,0,113,,,,0.5697,113,0.1284,0,56.9731,0,113,,,,0,113,,,,0.441,113,0.0667,0,44.0995,0.6274,113,0.0613,0,62.7437,0.6049,113,0.0429,0,60.49,0.5214,113,0.0371,0,52.1363,0.2643,113,0.0163,0,26.4345,0.1936,113,0.0187,0,19.3587,0.2318,113,0.0369,0,23.1832,0.3978,113,0.04,0,39.7791,0.3273,113,0.0292,0,32.7311,0.6715,113,0.0865,0,67.1526,0.5618,113,0.0607,0,56.1835,0.4137,78,0.0478,35,41.3743,,0,,113,,0.7122,113,0.0497,0,71.2179,0.547,113,0.042,0,54.6993,0.2766,113,0.0533,0,27.6562,0.227,113,0.0412,0,22.6974,0.1613,113,0.0168,0,16.1296,0.2442,113,0.0232,0,24.4222,0.3306,113,0.0283,0,33.0581,0.6317,113,0.0354,0,63.1722,0.6284,113,0.0593,0,62.8374,0.3029,39,0.0328,74,30.2895,0.4521,34,0.066,79,45.2056,0.4384,110,0.0274,3,43.8422,0.5557,113,0.0692,0,55.5749,0.5772,113,0.0505,0,57.72,0.3343,113,0.0353,0,33.429,0.207,113,0.0257,0,20.6996,0.1452,113,0.0188,0,14.5157,0.2309,113,0.0176,0,23.0912
17,6118,173,0.320237785577774,0.000734307046514,0.2823,173,0.0294,0,28.2273,0.2858,173,0.0413,0,28.5807,0.303,173,0.0516,0,30.3031,0.4337,173,0.0538,0,43.3712,0,173,,,,0.6596,173,0.0724,0,65.9645,0,173,,,,56,117,0.4278,0.0943,42.7765,0.6568,173,0.0439,0,65.6754,0.5305,59,0.0702,114,53.0524,0.6571,173,0.0406,0,65.7117,0.537,173,0.043,0,53.7016,0.2878,173,0.0253,0,28.7781,0.2037,173,0.0247,0,20.3686,0.2792,173,0.0573,0,27.9153,0.4601,173,0.0663,0,46.0123,0.3834,173,0.0636,0,38.3397,0.6113,173,0.1166,0,61.131,0.514,173,0.1175,0,51.3989,0.4188,33,0.036,140,41.8806,0.536,89,0.1018,84,53.6039,0.6578,173,0.0878,0,65.7793,0.5188,173,0.0571,0,51.8806,0.3249,173,0.0387,0,32.4866,0.2541,173,0.0335,0,25.4068,0.1642,173,0.0175,0,16.4214,0.222,173,0.0241,0,22.1998,0.3111,173,0.0583,0,31.11,0.5687,173,0.0643,0,56.8695,0.5172,173,0.1195,0,51.7173,0.387,100,0.1031,73,38.6992,0.583,173,0.0829,0,58.3028,0.3851,13,0.0838,160,38.5067,0.5659,169,0.0817,4,56.5876,0.5063,173,0.0701,0,50.6251,0.3506,173,0.043,0,35.0576,0.2508,173,0.0286,0,25.0814,0.1673,173,0.0271,0,16.7325,0.2404,173,0.0337,0,24.0407
18,7274,198,0.387041389942169,0.001026560203172,0.3285,198,0.0369,0,32.8531,0.3431,198,0.0416,0,34.3103,0.356,198,0.0397,0,35.5973,0.4401,198,0.046,0,44.0089,0,198,,,,0.6914,198,0.0737,0,69.1428,0,198,,,,0,198,,,,0.6613,198,0.0551,0,66.1263,0.6761,198,0.062,0,67.607,0.6914,198,0.0324,0,69.1426,0.6214,198,0.0379,0,62.1403,0.3312,198,0.0297,0,33.1209,0.2423,198,0.0215,0,24.2335,0.3438,198,0.0575,0,34.3751,0.5478,198,0.0368,0,54.78,0.4546,198,0.0344,0,45.4591,0.7652,198,0.0246,0,76.5228,0.624,198,0.0558,0,62.399,0.4519,67,0.0428,131,45.1934,,0,,198,,0.7409,198,0.028,0,74.0873,0.6377,198,0.0324,0,63.765,0.3939,198,0.0606,0,39.3897,0.2959,198,0.0488,0,29.5927,0.1844,198,0.0291,0,18.4372,0.2608,198,0.0312,0,26.0783,0.4071,198,0.0221,0,40.7061,0.7076,198,0.0351,0,70.7578,0.7388,198,0.0326,0,73.8848,0.3744,138,0.064,60,37.4435,0.6431,189,0.0668,9,64.3092,0.4612,46,0.0332,152,46.1195,0.6235,198,0.0546,0,62.3506,0.608,198,0.0452,0,60.797,0.3864,198,0.0619,0,38.6382,0.2882,198,0.0338,0,28.819,0.1981,198,0.0244,0,19.8067,0.2837,198,0.0214,0,28.3666
19,9219,135,0.287960797548294,0.001451734337024,0.2089,135,0.0237,0,20.8904,0.1932,135,0.045,0,19.3152,0.245,135,0.0334,0,24.499,0.3685,135,0.0766,0,36.8543,0,135,,,,0.5983,135,0.0836,0,59.8313,105,30,0.4478,0.0745,44.7775,95,40,0.4016,0.1303,40.1637,0.5848,135,0.0897,0,58.4798,0.5712,135,0.0579,0,57.1174,0.5926,135,0.0653,0,59.263,0.4374,135,0.066,0,43.7367,0.2276,135,0.0169,0,22.7564,0.166,135,0.0097,0,16.5967,0.2103,135,0.0257,0,21.0261,0.4044,135,0.0821,0,40.4377,0.3437,135,0.0754,0,34.3747,0.7285,135,0.0475,0,72.8536,,0,,135,,0.3547,129,0.0614,6,35.4665,,0,,135,,0.7128,135,0.0633,0,71.2811,0.4695,135,0.0725,0,46.9535,0.2698,135,0.04,0,26.9794,0.2285,135,0.024,0,22.8458,0.1466,135,0.0154,0,14.6648,0.1484,135,0.0258,0,14.8407,0.27,135,0.0507,0,27.0008,0.5637,135,0.0859,0,56.3723,0.5982,135,0.0937,0,59.8158,0.405,135,0.0379,0,40.5016,0.6336,110,0.0821,25,63.3635,,0,,135,,0.7412,135,0.0513,0,74.1246,0.4603,135,0.0735,0,46.0321,0.3269,135,0.0462,0,32.6921,0.2176,135,0.0141,0,21.7593,0.1448,135,0.0106,0,14.4759,0.2277,135,0.0212,0,22.7663
20,6836,154,0.268780559301376,0.000548481184524,0.2531,154,0.025,0,25.3063,0.2511,154,0.0311,0,25.1127,0.2508,154,0.0383,0,25.08,0.3314,154,0.0367,0,33.1391,0,154,,,,0.7035,154,0.0414,0,70.3498,0,154,,,,153,1,0.4378,0.1069,43.7801,0.6447,154,0.0654,0,64.4739,0.2956,9,0.072,145,29.5574,0.6401,154,0.0372,0,64.0064,0.4763,154,0.0477,0,47.6325,0.2507,154,0.0256,0,25.0742,0.1902,154,0.0183,0,19.0202,0.2344,154,0.0378,0,23.444,0.3972,154,0.0455,0,39.7232,0.3131,154,0.0373,0,31.3074,0.5209,154,0.0999,0,52.0943,0.4235,59,0.0731,95,42.3494,0.3953,101,0.131,53,39.5269,0.3668,66,0.0582,88,36.6766,0.6856,154,0.0963,0,68.564,0.5005,154,0.0484,0,50.0531,0.2525,154,0.0364,0,25.2486,0.23,154,0.0356,0,23.0042,0.1398,154,0.0158,0,13.9782,0.1808,154,0.0251,0,18.084,0.2752,154,0.0401,0,27.5161,0.553,154,0.0806,0,55.3014,0.445,154,0.0957,0,44.497,0.2049,78,0.0246,76,20.4853,0.6915,154,0.0857,0,69.1515,,0,,154,,0.5749,154,0.0769,0,57.4946,0.4786,154,0.0403,0,47.8636,0.2883,154,0.0433,0,28.8294,0.2087,154,0.0234,0,20.8657,0.1406,154,0.0161,0,14.0639,0.2206,154,0.0227,0,22.0623
21,6877,138,0.425865918397903,0.001413428923115,0.3868,138,0.0442,0,38.6848,0.3853,138,0.0514,0,38.5299,0.404,138,0.0582,0,40.3957,0.49,138,0.0477,0,49.0014,0,138,,,,0.6487,138,0.0707,0,64.8657,0,138,,,,44,94,0.4462,0.09,44.6206,0.6743,138,0.0267,0,67.4306,0.621,74,0.1117,64,62.1016,0.6936,138,0.0297,0,69.3627,0.6342,138,0.0403,0,63.4171,0.3904,138,0.0349,0,39.0433,0.2911,138,0.0317,0,29.1121,0.4297,138,0.065,0,42.9693,0.5575,138,0.041,0,55.7496,0.4726,138,0.0461,0,47.2593,0.728,138,0.039,0,72.7996,0.641,138,0.0332,0,64.0962,0.4549,8,0.0515,130,45.4866,0.4956,5,0.1424,133,49.5567,0.7004,138,0.0585,0,70.0406,0.629,138,0.0311,0,62.8968,0.436,138,0.0554,0,43.6008,0.3658,138,0.0542,0,36.5827,0.2031,138,0.0267,0,20.3089,0.2803,138,0.028,0,28.0316,0.4022,136,0.0401,2,40.2158,0.6512,138,0.0468,0,65.1192,0.6938,138,0.0586,0,69.3821,0.5049,128,0.0935,10,50.492,0.6649,138,0.0418,0,66.4917,0.2753,3,0.0176,135,27.5339,0.6314,137,0.0654,1,63.1357,0.6097,138,0.0519,0,60.9728,0.4167,138,0.0542,0,41.6655,0.3544,138,0.042,0,35.4384,0.2507,138,0.0384,0,25.0672,0.3185,138,0.0251,0,31.8489
22,6985,255,0.243106693029404,0.000500953115989,0.1998,255,0.0256,0,19.9771,0.2046,255,0.0364,0,20.4638,0.2171,255,0.0312,0,21.7095,0.2744,255,0.0417,0,27.4411,7,248,0.176,0.0119,17.603,0.368,255,0.1328,0,36.8028,10,245,0.3431,0.1376,34.3143,248,7,0.4558,0.0822,45.5799,0.6933,255,0.0536,0,69.3267,0.642,255,0.0702,0,64.2016,0.6028,255,0.0422,0,60.2783,0.4155,255,0.0413,0,41.5484,0.2226,255,0.0139,0,22.2583,0.1694,255,0.0102,0,16.9386,0.2043,255,0.0261,0,20.4289,0.3153,255,0.0494,0,31.5305,0.3229,255,0.0384,0,32.2945,0.5803,255,0.1783,0,58.0344,,0,,255,,0.4115,245,0.0989,10,41.1461,0.335,9,0.0275,246,33.4971,0.7352,255,0.0529,0,73.519,0.3679,255,0.0566,0,36.7882,0.2083,255,0.0253,0,20.8347,0.1975,255,0.0251,0,19.7473,0.1397,255,0.0137,0,13.9743,0.1545,255,0.0255,0,15.4486,0.2556,228,0.029,27,25.5574,0.602,255,0.0445,0,60.198,0.5012,255,0.1285,0,50.1246,0.2451,131,0.1348,124,24.5115,0.5168,255,0.089,0,51.68,,0,,255,,0.6721,255,0.0548,0,67.2106,0.4009,255,0.0549,0,40.0881,0.2497,255,0.0366,0,24.9665,0.1949,255,0.0211,0,19.4866,0.1334,255,0.014,0,13.3414,0.1869,255,0.0222,0,18.6924
23,6094,169,0.244127959012985,0.000271382799838,0.2361,169,0.0218,0,23.6098,0.2291,169,0.0166,0,22.914,0.2162,169,0.0213,0,21.6177,0.3145,169,0.0282,0,31.4458,0,169,,,,0.6786,169,0.0679,0,67.8613,0,169,,,,157,12,0.4267,0.1069,42.6673,0.639,169,0.0544,0,63.901,0.5405,54,0.0895,115,54.0473,0.6055,169,0.0488,0,60.5451,0.4496,169,0.0521,0,44.9579,0.2314,169,0.0176,0,23.1368,0.1751,169,0.013,0,17.5105,0.2039,169,0.0211,0,20.3947,0.3814,169,0.0296,0,38.1417,0.2815,169,0.0271,0,28.151,0.4983,169,0.105,0,49.8336,0.4099,113,0.1088,56,40.9949,0.5098,38,0.1538,131,50.9802,0.3878,62,0.0674,107,38.778,0.6808,169,0.0847,0,68.0763,0.4518,169,0.0695,0,45.1829,0.2206,169,0.0289,0,22.0588,0.2004,169,0.0221,0,20.0434,0.1328,169,0.0091,0,13.2792,0.1727,169,0.019,0,17.2708,0.27,169,0.028,0,26.995,0.5353,169,0.074,0,53.5337,0.4026,169,0.1227,0,40.2641,0.195,63,0.0319,106,19.5011,0.5794,169,0.1208,0,57.9358,,0,,169,,0.568,169,0.0786,0,56.801,0.4117,169,0.0551,0,41.169,0.2552,169,0.0329,0,25.5239,0.195,169,0.0179,0,19.5016,0.1333,169,0.0129,0,13.3324,0.213,169,0.0271,0,21.2961
24,5603,180,0.325675547122955,0.000610010582022,0.2696,180,0.0288,0,26.9618,0.2803,180,0.0259,0,28.0304,0.3081,180,0.0276,0,30.8138,0.3675,180,0.0462,0,36.7543,0,180,,,,0.6126,180,0.1152,0,61.2581,0,180,,,,1,179,0.3088,0.0,30.8816,0.5121,180,0.0772,0,51.2123,0.6534,180,0.0506,0,65.3372,0.6491,180,0.0412,0,64.9104,0.5679,180,0.0452,0,56.7935,0.2916,180,0.0199,0,29.1649,0.2066,180,0.0172,0,20.6562,0.2596,180,0.0369,0,25.962,0.4636,180,0.047,0,46.3618,0.3985,180,0.062,0,39.8469,0.7405,180,0.0472,0,74.0456,0.5852,180,0.0756,0,58.5241,0.4481,91,0.0447,89,44.8085,,0,,180,,0.7266,180,0.0536,0,72.6648,0.5794,180,0.05,0,57.9376,0.3212,180,0.0459,0,32.117,0.2542,180,0.0381,0,25.4249,0.1744,180,0.0193,0,17.4372,0.2583,180,0.0178,0,25.8323,0.3655,180,0.0303,0,36.5536,0.6742,180,0.0461,0,67.415,0.669,180,0.0749,0,66.9033,0.2997,83,0.0367,97,29.9664,0.5422,110,0.0671,70,54.2211,0.4285,116,0.038,64,42.851,0.6501,180,0.0816,0,65.0087,0.5684,180,0.0793,0,56.8403,0.3384,180,0.0575,0,33.8407,0.2424,180,0.0332,0,24.2398,0.1666,180,0.0217,0,16.6637,0.2513,180,0.0248,0,25.1276
25,8268,274,0.349919527769089,0.003000769531354,0.3331,274,0.0564,0,33.3051,0.2797,274,0.0473,0,27.9677,0.2808,274,0.0569,0,28.0823,0.4003,274,0.0646,0,40.0256,0,274,,,,0.7135,274,0.0669,0,71.3507,0,274,,,,0,274,,,,0.3666,69,0.0712,205,36.6607,0.674,274,0.0465,0,67.4003,0.641,274,0.052,0,64.101,0.5785,274,0.0552,0,57.8527,0.3147,274,0.0453,0,31.4737,0.2297,274,0.0363,0,22.9716,0.336,274,0.0841,0,33.5963,0.5238,274,0.0614,0,52.3789,0.3766,140,0.067,134,37.6556,0.7189,274,0.073,0,71.8857,0.4603,268,0.0846,6,46.0316,0.6042,274,0.0703,0,60.4165,,0,,274,,0.6565,274,0.0791,0,65.6535,0.5762,274,0.0604,0,57.6152,0.361,274,0.0791,0,36.0978,0.3118,274,0.0691,0,31.1823,0.2157,274,0.0407,0,21.5709,0.2685,274,0.0399,0,26.853,0.3351,274,0.0309,0,33.5087,0.6751,274,0.0718,0,67.5131,0.651,274,0.1371,0,65.0978,0.5406,188,0.1838,86,54.0584,0.4939,233,0.148,41,49.3887,0.5218,274,0.0565,0,52.1823,0.5411,267,0.1093,7,54.1086,0.6016,274,0.0608,0,60.1629,0.3956,274,0.0811,0,39.5592,0.2553,274,0.054,0,25.5288,0.1737,274,0.0401,0,17.365,0.2199,274,0.0395,0,21.9898
26,8766,131,0.33987021446228,0.000797792570665,0.2853,131,0.0388,0,28.5346,0.3093,131,0.0383,0,30.931,0.3475,131,0.0427,0,34.7533,0.4072,131,0.0515,0,40.7157,0,131,,,,0.6678,131,0.0873,0,66.7804,0,131,,,,43,88,0.467,0.0792,46.7012,0.6616,131,0.0409,0,66.1639,0.6568,131,0.0488,0,65.6806,0.651,131,0.0303,0,65.0985,0.5718,131,0.0354,0,57.182,0.3139,131,0.0272,0,31.3944,0.2293,131,0.0207,0,22.9317,0.3068,131,0.0495,0,30.6805,0.5195,131,0.0458,0,51.9495,0.4252,131,0.0526,0,42.5201,0.7117,131,0.0612,0,71.1704,0.6276,131,0.0689,0,62.7616,0.3876,35,0.0317,96,38.7568,,0,,131,,0.6765,131,0.0757,0,67.647,0.5789,131,0.0371,0,57.8919,0.3066,131,0.0418,0,30.663,0.287,131,0.0457,0,28.703,0.1658,131,0.0203,0,16.5796,0.2408,131,0.0243,0,24.0838,0.374,131,0.031,0,37.3983,0.6287,131,0.0433,0,62.8695,0.6516,131,0.056,0,65.162,0.3609,104,0.0842,27,36.0903,0.4961,131,0.1051,0,49.6067,0.4127,16,0.026,115,41.2697,0.5628,122,0.0596,9,56.2779,0.5388,131,0.0532,0,53.8797,0.3266,131,0.0336,0,32.6603,0.2661,131,0.0297,0,26.61,0.1836,131,0.0238,0,18.3595,0.2556,131,0.0235,0,25.5649
27,8996,198,0.273639172315598,0.000781451410148,0.2443,198,0.0265,0,24.431,0.2236,198,0.0283,0,22.3558,0.2331,198,0.04,0,23.3108,0.2661,198,0.0541,0,26.6117,0,198,,,,0.476,198,0.1313,0,47.6049,0,198,,,,0,198,,,,0.3997,187,0.0689,11,39.9698,0.6259,198,0.0577,0,62.592,0.5968,198,0.0342,0,59.6792,0.522,198,0.0384,0,52.1971,0.2595,198,0.0179,0,25.9503,0.1865,198,0.0165,0,18.6464,0.2231,198,0.042,0,22.3135,0.3929,198,0.0596,0,39.2877,0.3647,198,0.0868,0,36.465,0.5645,198,0.1361,0,56.4482,0.5756,198,0.0602,0,57.5588,0.5166,192,0.0494,6,51.6572,,0,,198,,0.6344,198,0.0977,0,63.4397,0.5459,198,0.0525,0,54.5896,0.2701,198,0.0463,0,27.0087,0.2355,198,0.0422,0,23.5528,0.1527,198,0.017,0,15.2672,0.2373,198,0.019,0,23.7278,0.3227,198,0.0326,0,32.2749,0.5356,198,0.1402,0,53.5616,0.4981,198,0.1496,0,49.8054,0.2486,76,0.0335,122,24.8565,0.3078,27,0.0655,171,30.7809,0.4884,198,0.0393,0,48.8379,0.5785,194,0.1214,4,57.8485,0.6136,198,0.0623,0,61.3623,0.3104,198,0.0369,0,31.0384,0.2022,198,0.0283,0,20.2245,0.1379,198,0.0205,0,13.7865,0.1852,198,0.0209,0,18.5238
28,7563,218,0.230769395828247,0.000130868720589,0.2096,218,0.0147,0,20.9641,0.2119,218,0.014,0,21.188,0.2037,218,0.016,0,20.3653,0.2654,218,0.0255,0,26.5421,0,218,,,,0.3608,218,0.0964,0,36.0811,6,212,0.4911,0.1025,49.1127,218,0,0.5187,0.0776,51.8682,0.6483,209,0.0635,9,64.8268,0.6446,218,0.0757,0,64.4554,0.5896,218,0.0316,0,58.9609,0.3897,218,0.0367,0,38.9696,0.2161,218,0.0117,0,21.6149,0.1674,218,0.0098,0,16.7426,0.1982,218,0.0158,0,19.8221,0.2882,218,0.0516,0,28.8173,0.3283,218,0.0267,0,32.8293,0.4278,218,0.1618,0,42.7794,,0,,218,,0.3635,202,0.0525,16,36.3462,0.1633,49,0.1364,169,16.3321,0.7108,218,0.0439,0,71.0762,0.3125,218,0.0347,0,31.2496,0.1976,218,0.0136,0,19.7593,0.1901,218,0.0129,0,19.0091,0.1344,218,0.0089,0,13.4371,0.1552,218,0.0132,0,15.5192,0.2476,205,0.0144,13,24.7631,0.5802,218,0.0292,0,58.0191,0.3211,218,0.101,0,32.1121,0.2386,88,0.1336,130,23.864,0.4713,216,0.1123,2,47.1271,,0,,218,,0.6275,218,0.0732,0,62.7524,0.3516,218,0.0509,0,35.1578,0.2489,218,0.0285,0,24.8915,0.198,218,0.014,0,19.7952,0.1338,218,0.0102,0,13.3813,0.1878,218,0.0205,0,18.783
29,9052,189,0.273640185594559,0.000549803371541,0.2227,189,0.0228,0,22.2668,0.2455,189,0.0271,0,24.5452,0.2467,189,0.0325,0,24.6746,0.3462,189,0.0575,0,34.6235,0,189,,,,0.4905,189,0.1703,0,49.0534,3,186,0.4644,0.1113,46.4371,189,0,0.5405,0.1037,54.0476,0.6202,149,0.1121,40,62.024,0.6656,189,0.0916,0,66.5556,0.6144,189,0.0316,0,61.4368,0.4371,189,0.0448,0,43.7103,0.2299,189,0.015,0,22.9913,0.1757,189,0.014,0,17.5729,0.2288,189,0.0314,0,22.8844,0.4107,189,0.0771,0,41.0741,0.3548,189,0.0549,0,35.4782,0.6365,189,0.1393,0,63.6523,0.2476,3,0.0476,186,24.7559,0.4412,169,0.0747,20,44.1202,0.3798,3,0.1734,186,37.983,0.7457,189,0.0421,0,74.5706,0.4062,189,0.0536,0,40.6195,0.2517,189,0.0329,0,25.1747,0.2261,189,0.0294,0,22.6097,0.1438,189,0.0148,0,14.3773,0.1559,189,0.0359,0,15.5943,0.2683,85,0.0539,104,26.8325,0.629,189,0.0363,0,62.9035,0.5615,189,0.1207,0,56.155,0.4065,181,0.1033,8,40.6521,0.6354,183,0.0723,6,63.5393,0.3327,1,0.0,188,33.2659,0.7006,189,0.0352,0,70.064,0.4275,189,0.0522,0,42.7491,0.2998,189,0.0358,0,29.9808,0.219,189,0.0254,0,21.9004,0.1502,189,0.0202,0,15.0225,0.221,189,0.0284,0,22.1045
30,8927,116,0.259996026754379,0.000322470470564,0.2539,116,0.0303,0,25.387,0.2543,116,0.0375,0,25.4274,0.2635,116,0.0412,0,26.3506,0.3308,116,0.0418,0,33.0772,0,116,,,,0.6895,116,0.0736,0,68.9452,0,116,,,,116,0,0.4934,0.076,49.345,0.5814,116,0.0574,0,58.1366,0.5926,115,0.0652,1,59.2645,0.601,116,0.0449,0,60.1014,0.4698,116,0.0487,0,46.9842,0.2458,116,0.0167,0,24.5814,0.1792,116,0.0133,0,17.9247,0.2126,116,0.0336,0,21.2633,0.3618,116,0.0384,0,36.1839,0.2875,116,0.0297,0,28.7538,0.4097,116,0.1564,0,40.9742,0.4372,115,0.0984,1,43.7216,0.3055,41,0.0337,75,30.5531,0.3889,13,0.0469,103,38.8877,0.6574,116,0.0875,0,65.7382,0.4322,116,0.0537,0,43.223,0.2154,116,0.0293,0,21.539,0.1976,116,0.0321,0,19.7574,0.1326,116,0.0116,0,13.2647,0.1944,116,0.019,0,19.443,0.2545,116,0.0309,0,25.4455,0.5397,116,0.0582,0,53.9656,0.3678,116,0.0912,0,36.782,0.209,83,0.0288,33,20.9013,0.5314,116,0.1015,0,53.1357,0.3405,1,0.0,115,34.0496,0.555,101,0.1302,15,55.4987,0.4638,116,0.0937,0,46.375,0.2466,116,0.0413,0,24.6611,0.1895,116,0.0236,0,18.9522,0.1296,116,0.0198,0,12.9561,0.1898,116,0.0221,0,18.9816
31,8713,247,0.265566408634186,0.000546788796782,0.2441,247,0.0208,0,24.4095,0.2465,247,0.03,0,24.6489,0.2457,247,0.0307,0,24.5732,0.3139,247,0.0359,0,31.3895,0,247,,,,0.5595,247,0.1866,0,55.9474,0,247,,,,247,0,0.5364,0.1065,53.6369,0.6398,247,0.0718,0,63.977,0.6017,228,0.112,19,60.1737,0.6186,247,0.0408,0,61.8601,0.4636,247,0.0428,0,46.3627,0.2469,247,0.0204,0,24.6881,0.1847,247,0.0194,0,18.4656,0.2355,247,0.0414,0,23.5509,0.3821,247,0.0416,0,38.2069,0.337,247,0.0389,0,33.6982,0.4253,247,0.1283,0,42.5303,0.3248,50,0.0634,197,32.4848,0.3236,182,0.0391,65,32.3554,0.3856,48,0.0883,199,38.5561,0.6763,247,0.0633,0,67.6306,0.4236,247,0.0703,0,42.3551,0.2346,247,0.0351,0,23.4556,0.219,247,0.0328,0,21.8952,0.1488,247,0.018,0,14.8812,0.1768,247,0.03,0,17.6813,0.2656,247,0.0311,0,26.5587,0.5531,247,0.0867,0,55.3127,0.4201,247,0.1003,0,42.0113,0.2336,202,0.0516,45,23.3641,0.6042,247,0.1084,0,60.4191,,0,,247,,0.6044,240,0.104,7,60.4377,0.4699,247,0.0517,0,46.9934,0.3086,247,0.043,0,30.856,0.2211,247,0.0258,0,22.1142,0.1549,247,0.0227,0,15.4931,0.214,247,0.0249,0,21.3974
32,9961,217,0.261673897504807,0.000588434690144,0.241,217,0.0295,0,24.1042,0.2238,217,0.0247,0,22.3844,0.2311,217,0.0278,0,23.1052,0.311,217,0.0503,0,31.0952,0,217,,,,0.6904,217,0.0617,0,69.0449,0,217,,,,0,217,,,,0.395,65,0.1029,152,39.4987,0.6353,217,0.0605,0,63.5318,0.593,217,0.0459,0,59.3049,0.5066,217,0.0501,0,50.6647,0.2402,217,0.0295,0,24.0205,0.1809,217,0.0176,0,18.0856,0.2205,217,0.0355,0,22.0539,0.4442,217,0.0488,0,44.4193,0.4353,126,0.0948,91,43.5337,0.6044,217,0.1301,0,60.4405,0.433,216,0.1297,1,43.2996,0.5097,212,0.1182,5,50.975,,0,,217,,0.7173,217,0.0818,0,71.7258,0.4618,217,0.0575,0,46.1794,0.239,217,0.0266,0,23.9024,0.2197,217,0.0282,0,21.9748,0.1602,217,0.0158,0,16.0185,0.2211,217,0.0251,0,22.1114,0.2947,217,0.0335,0,29.474,0.6229,217,0.0565,0,62.2869,0.6222,217,0.0841,0,62.2183,0.3523,152,0.1547,65,35.2257,0.5035,85,0.1041,132,50.3454,0.5083,217,0.0419,0,50.8283,0.5398,212,0.1138,5,53.9789,0.5614,217,0.0801,0,56.1391,0.2904,217,0.0348,0,29.0417,0.2178,217,0.0267,0,21.7809,0.1496,217,0.0165,0,14.959,0.1967,217,0.0147,0,19.6741
33,10023,119,0.303169190883636,0.001188399386592,0.2634,119,0.03,0,26.3378,0.2884,119,0.0374,0,28.838,0.2911,119,0.0417,0,29.1128,0.3511,119,0.045,0,35.1099,0,119,,,,0.6792,119,0.1131,0,67.9227,0,119,,,,116,3,0.6116,0.1085,61.1561,0.7034,119,0.0301,0,70.3352,0.6992,119,0.0286,0,69.9228,0.6299,119,0.0353,0,62.9887,0.5112,119,0.0446,0,51.1162,0.2752,119,0.0336,0,27.518,0.2108,119,0.0236,0,21.0757,0.3049,119,0.0524,0,30.4946,0.4301,119,0.0543,0,43.0063,0.3723,119,0.0501,0,37.2254,0.5781,119,0.0965,0,57.8109,0.3946,37,0.0705,82,39.4621,0.4057,113,0.0782,6,40.5723,,0,,119,,0.7218,119,0.0357,0,72.1781,0.4774,119,0.0648,0,47.7431,0.2867,119,0.0498,0,28.6652,0.2797,119,0.0481,0,27.9715,0.1779,119,0.0206,0,17.7916,0.2039,119,0.0338,0,20.3944,0.295,119,0.0352,0,29.4983,0.583,119,0.0857,0,58.3002,0.4858,119,0.0788,0,48.5774,0.2749,115,0.048,4,27.4883,0.6115,103,0.0824,16,61.147,0.3599,2,0.0049,117,35.9858,0.5256,118,0.0981,1,52.5634,0.4736,119,0.0767,0,47.3571,0.3195,119,0.0614,0,31.9489,0.2296,119,0.0308,0,22.9596,0.162,119,0.0248,0,16.2039,0.2175,119,0.0283,0,21.7469
34,11142,178,0.223235413432121,0.000405505561503,0.199,178,0.0216,0,19.9019,0.2187,178,0.0232,0,21.8711,0.2216,178,0.0309,0,22.1615,0.3166,178,0.0528,0,31.663,0,178,,,,0.7127,178,0.0734,0,71.2661,0,178,,,,170,8,0.6798,0.0585,67.98,0.6333,117,0.0697,61,63.3273,0.6052,178,0.0883,0,60.5204,0.536,178,0.041,0,53.6049,0.3547,178,0.0531,0,35.4741,0.1988,178,0.0163,0,19.8761,0.1583,178,0.0112,0,15.8267,0.2237,178,0.0375,0,22.375,0.4309,178,0.0599,0,43.0869,0.3509,178,0.0441,0,35.0855,0.6943,178,0.0653,0,69.4263,0.382,55,0.1475,123,38.2001,0.4608,148,0.0694,30,46.0805,,0,,178,,0.666,178,0.0708,0,66.6048,0.3471,178,0.0633,0,34.7103,0.1916,178,0.0263,0,19.1601,0.1963,178,0.0278,0,19.6255,0.1337,178,0.0119,0,13.3738,0.1602,178,0.0576,0,16.0197,0.2839,174,0.0392,4,28.3898,0.5812,178,0.0728,0,58.1186,0.4502,178,0.1408,0,45.0178,0.3498,178,0.0973,0,34.9818,0.5589,164,0.0658,14,55.8944,0.3095,6,0.0014,172,30.949,0.6201,178,0.0645,0,62.0114,0.3585,178,0.0443,0,35.8507,0.2439,178,0.0272,0,24.391,0.1867,178,0.0154,0,18.6693,0.1295,178,0.0123,0,12.9513,0.1901,178,0.0226,0,19.0122
35,8940,235,0.238469779491425,0.000115227492643,0.2318,235,0.0161,0,23.1771,0.2173,235,0.0214,0,21.7251,0.2163,235,0.027,0,21.6268,0.2936,235,0.0329,0,29.3575,0,235,,,,0.5835,235,0.1114,0,58.3523,0,235,,,,216,19,0.4312,0.1368,43.1215,0.6149,235,0.0629,0,61.4914,0.598,174,0.062,61,59.8019,0.5506,235,0.0726,0,55.0644,0.4378,235,0.0399,0,43.7762,0.2351,235,0.0129,0,23.5069,0.1728,235,0.0093,0,17.2812,0.1913,235,0.0135,0,19.126,0.3237,235,0.0481,0,32.3704,0.2597,235,0.0408,0,25.9726,0.3063,235,0.1271,0,30.6319,0.3449,235,0.0568,0,34.4892,0.3001,104,0.036,131,30.011,0.4619,3,0.0293,232,46.1859,0.67,235,0.0665,0,67.0034,0.4187,235,0.0483,0,41.8662,0.2173,235,0.025,0,21.726,0.182,235,0.0151,0,18.1956,0.1284,235,0.0058,0,12.8382,0.1728,235,0.0095,0,17.282,0.2404,235,0.0193,0,24.0379,0.5054,235,0.0614,0,50.5394,0.2797,235,0.0851,0,27.9657,0.1956,142,0.0232,93,19.5551,0.507,235,0.0839,0,50.6962,0.3661,5,0.0212,230,36.6068,0.4932,203,0.1369,32,49.3188,0.4504,235,0.0822,0,45.0448,0.217,235,0.0294,0,21.6954,0.178,235,0.0146,0,17.8042,0.1195,235,0.0089,0,11.953,0.1737,235,0.0142,0,17.3699
36,9315,228,0.26785945892334,0.000427683029557,0.2613,228,0.0242,0,26.1281,0.247,228,0.0322,0,24.6972,0.2468,228,0.0418,0,24.6767,0.3166,228,0.0432,0,31.6614,0,228,,,,0.5439,228,0.1179,0,54.386,0,228,,,,197,31,0.4703,0.1116,47.0328,0.5945,228,0.0665,0,59.4462,0.6378,187,0.061,41,63.7782,0.5633,228,0.0591,0,56.3329,0.4751,228,0.0482,0,47.5086,0.2583,228,0.0187,0,25.8317,0.1864,228,0.016,0,18.641,0.2229,228,0.0356,0,22.2894,0.3751,228,0.0538,0,37.5073,0.2925,228,0.0454,0,29.2459,0.396,228,0.1506,0,39.5985,0.3877,228,0.0952,0,38.7698,0.3639,146,0.0526,82,36.3864,,0,,228,,0.6529,228,0.0659,0,65.2864,0.433,228,0.0655,0,43.2966,0.2434,228,0.0394,0,24.3439,0.1954,228,0.0277,0,19.5395,0.1353,228,0.0128,0,13.531,0.1848,228,0.0197,0,18.4773,0.2592,228,0.0245,0,25.9189,0.5097,228,0.0554,0,50.9674,0.4051,228,0.1175,0,40.5103,0.2218,54,0.051,174,22.1833,0.5678,228,0.105,0,56.7822,0.437,31,0.039,197,43.6966,0.531,205,0.1477,23,53.0964,0.4605,228,0.0703,0,46.05,0.2476,228,0.031,0,24.757,0.2006,228,0.027,0,20.0561,0.1372,228,0.0194,0,13.7215,0.1994,228,0.0241,0,19.9355
37,9287,217,0.236467584967613,0.000185158511158,0.2399,217,0.0189,0,23.9898,0.2272,217,0.0187,0,22.7234,0.2208,217,0.0226,0,22.0803,0.2973,217,0.0247,0,29.7309,0,217,,,,0.6711,217,0.0875,0,67.1106,0,217,,,,216,1,0.4557,0.1203,45.5729,0.6111,217,0.0672,0,61.1123,0.5389,92,0.0815,125,53.8866,0.5445,217,0.0649,0,54.4452,0.4328,217,0.0402,0,43.2792,0.2297,217,0.0145,0,22.9741,0.174,217,0.0116,0,17.3971,0.1939,217,0.0254,0,19.3866,0.3758,217,0.0396,0,37.5821,0.2938,217,0.0273,0,29.3848,0.3208,217,0.1056,0,32.0762,0.3083,127,0.0454,90,30.8279,0.2926,104,0.0453,113,29.2637,0.4567,25,0.1084,192,45.6695,0.6174,217,0.0586,0,61.7416,0.3576,217,0.0772,0,35.7571,0.2123,217,0.0227,0,21.2273,0.1945,217,0.0201,0,19.4489,0.132,217,0.0104,0,13.2043,0.1736,217,0.0164,0,17.364,0.2206,217,0.0323,0,22.0576,0.5456,217,0.0766,0,54.5579,0.3431,217,0.0825,0,34.3066,0.2002,197,0.03,20,20.0163,0.5941,217,0.0955,0,59.4146,,0,,217,,0.5376,175,0.0958,42,53.7573,0.4409,217,0.0993,0,44.0935,0.2358,217,0.0351,0,23.5755,0.1866,217,0.0195,0,18.6574,0.1277,217,0.0144,0,12.769,0.1844,217,0.0188,0,18.4354
38,9733,167,0.262008756399155,0.000191918341443,0.2525,167,0.0246,0,25.2473,0.2333,167,0.025,0,23.3337,0.2462,167,0.0322,0,24.623,0.2691,167,0.0433,0,26.9122,0,167,,,,0.423,167,0.1467,0,42.3038,0,167,,,,0,167,,,,0.471,167,0.0477,0,47.1048,0.6283,167,0.058,0,62.8277,0.611,167,0.0378,0,61.1012,0.5241,167,0.0353,0,52.4137,0.2595,167,0.0155,0,25.9528,0.1881,167,0.0093,0,18.808,0.1978,167,0.0272,0,19.7795,0.2661,167,0.1063,0,26.6083,0.2541,155,0.0933,12,25.4136,0.6098,167,0.0888,0,60.9758,0.5168,167,0.0724,0,51.677,0.3863,108,0.053,59,38.6315,,0,,167,,0.6456,167,0.0746,0,64.5611,0.5445,167,0.0554,0,54.4518,0.2365,167,0.0233,0,23.6541,0.2245,167,0.0288,0,22.4506,0.1459,167,0.0128,0,14.5904,0.203,167,0.0243,0,20.2972,0.2777,167,0.0414,0,27.7671,0.4178,167,0.1495,0,41.7789,0.4801,167,0.1116,0,48.0078,0.2715,163,0.0236,4,27.1543,0.3714,144,0.0724,23,37.1363,0.4348,157,0.0403,10,43.4775,0.6703,167,0.0857,0,67.0284,0.5361,167,0.0764,0,53.6101,0.288,167,0.0504,0,28.7958,0.2189,167,0.0185,0,21.8933,0.1453,167,0.0138,0,14.5304,0.1721,167,0.0273,0,17.2148
39,11215,172,0.279521405696869,0.000633027812,0.2542,172,0.023,0,25.4246,0.2564,172,0.0399,0,25.6372,0.2734,172,0.0538,0,27.3369,0.3274,172,0.0655,0,32.7425,0,172,,,,0.5926,172,0.1085,0,59.2552,0,172,,,,44,128,0.3733,0.0767,37.3324,0.6457,172,0.0513,0,64.5706,0.6487,172,0.057,0,64.8715,0.6097,172,0.0487,0,60.9721,0.5034,172,0.0479,0,50.3375,0.258,172,0.0239,0,25.7993,0.1968,172,0.0152,0,19.6815,0.2472,172,0.0451,0,24.7206,0.4404,172,0.0714,0,44.0355,0.326,172,0.0789,0,32.5978,0.55,172,0.1645,0,54.9974,0.5022,161,0.1355,11,50.2209,0.3638,64,0.0417,108,36.3797,,0,,172,,0.6591,172,0.1003,0,65.9051,0.4891,172,0.0654,0,48.9056,0.2455,172,0.0318,0,24.5494,0.2258,172,0.0309,0,22.5839,0.1483,172,0.0188,0,14.8271,0.2188,172,0.0261,0,21.878,0.3014,172,0.0603,0,30.136,0.5441,172,0.0997,0,54.4109,0.528,172,0.1102,0,52.8025,0.2511,93,0.0408,79,25.1127,0.4421,146,0.123,26,44.2055,0.4171,36,0.0296,136,41.7085,0.5365,169,0.0717,3,53.6475,0.4515,172,0.0655,0,45.1528,0.2772,172,0.0415,0,27.724,0.2197,172,0.0242,0,21.9713,0.1504,172,0.0186,0,15.0391,0.198,172,0.0324,0,19.802
40,11651,183,0.30754953622818,0.002041418571025,0.2722,183,0.0417,0,27.2155,0.2554,183,0.0439,0,25.543,0.2681,183,0.0491,0,26.8137,0.4142,183,0.0945,0,41.4175,0,183,,,,0.6893,183,0.1035,0,68.932,0,183,,,,0,183,,,,,0,,183,,0.6807,183,0.0776,0,68.0702,0.6338,183,0.0804,0,63.3831,0.5275,183,0.0702,0,52.7498,0.26,183,0.0324,0,25.9977,0.1944,183,0.0266,0,19.4367,0.2583,183,0.0617,0,25.8252,0.4868,183,0.0853,0,48.6795,0.4107,141,0.0564,42,41.072,0.7098,183,0.1218,0,70.9842,0.5688,183,0.0984,0,56.8754,0.521,144,0.0723,39,52.0956,,0,,183,,0.733,183,0.1005,0,73.3001,0.5298,183,0.0875,0,52.9762,0.2983,183,0.0548,0,29.8272,0.2683,183,0.0551,0,26.8337,0.1797,183,0.0265,0,17.9684,0.2338,183,0.0409,0,23.3788,0.3333,183,0.0727,0,33.3323,0.6474,183,0.101,0,64.7381,0.6968,183,0.133,0,69.6795,0.3258,83,0.13,100,32.5835,0.4928,119,0.1237,64,49.2797,0.5572,183,0.0649,0,55.725,0.5167,183,0.0959,0,51.6726,0.5735,183,0.0982,0,57.3504,0.3146,183,0.0438,0,31.4637,0.2496,183,0.0391,0,24.9607,0.1687,183,0.0313,0,16.8684,0.2063,183,0.0324,0,20.6341
41,12264,157,0.277658462524414,0.001197007950395,0.2338,157,0.03,0,23.3776,0.2782,157,0.0361,0,27.8208,0.2644,157,0.0381,0,26.4422,0.4154,157,0.0672,0,41.5355,0,157,,,,0.7444,157,0.0528,0,74.4378,0,157,,,,147,10,0.6926,0.0507,69.2569,0.6933,110,0.0579,47,69.3316,0.6831,157,0.0689,0,68.3131,0.6141,157,0.0441,0,61.4094,0.4368,157,0.0471,0,43.6769,0.2332,157,0.0228,0,23.3157,0.1854,157,0.0168,0,18.5396,0.3114,157,0.0484,0,31.1373,0.4912,157,0.0656,0,49.1166,0.4044,157,0.0581,0,40.4366,0.7275,157,0.0617,0,72.7521,0.5987,133,0.1013,24,59.8699,0.4827,84,0.0647,73,48.267,,0,,157,,0.6496,157,0.0776,0,64.9557,0.4109,157,0.0617,0,41.0947,0.2472,157,0.0458,0,24.7163,0.2445,157,0.0434,0,24.4477,0.1589,157,0.0211,0,15.8923,0.1654,157,0.0662,0,16.5376,0.3216,157,0.0622,0,32.161,0.624,157,0.0856,0,62.395,0.5822,157,0.1161,0,58.2216,0.3916,157,0.07,0,39.1604,0.5705,153,0.0528,4,57.0453,,0,,157,,0.6364,157,0.0907,0,63.6421,0.466,157,0.0639,0,46.5982,0.3023,157,0.0512,0,30.2267,0.2176,157,0.0306,0,21.7593,0.1529,157,0.0248,0,15.2895,0.2225,157,0.0322,0,22.249
42,11359,106,0.248360365629196,0.000197301589651,0.2641,106,0.0242,0,26.4146,0.2561,106,0.0347,0,25.6091,0.2441,106,0.0381,0,24.412,0.3201,106,0.0415,0,32.01,0,106,,,,0.6844,106,0.1072,0,68.444,0,106,,,,101,5,0.4225,0.0897,42.2493,0.6261,106,0.0523,0,62.6106,0.5532,62,0.0903,44,55.3239,0.5372,106,0.0685,0,53.7221,0.448,106,0.0516,0,44.7993,0.2503,106,0.024,0,25.0337,0.1835,106,0.0164,0,18.3462,0.2161,106,0.0247,0,21.6092,0.3825,106,0.0441,0,38.252,0.2889,106,0.0255,0,28.888,0.2964,106,0.08,0,29.642,0.3237,106,0.0434,0,32.3702,0.3399,54,0.026,52,33.9885,0.3159,4,0.0095,102,31.5908,0.668,106,0.0369,0,66.7956,0.3167,106,0.0275,0,31.6742,0.211,106,0.0139,0,21.1017,0.1934,106,0.0157,0,19.3427,0.1298,106,0.0067,0,12.9774,0.1731,106,0.0117,0,17.3054,0.2211,106,0.0277,0,22.1073,0.5109,106,0.0389,0,51.0881,0.2654,106,0.0446,0,26.5413,0.2182,106,0.0431,0,21.8209,0.6659,106,0.0443,0,66.5871,,0,,106,,0.4139,39,0.0988,67,41.3912,0.5255,106,0.0862,0,52.5522,0.2377,106,0.0339,0,23.7744,0.1874,106,0.0194,0,18.7384,0.1312,106,0.0168,0,13.1219,0.1885,106,0.0158,0,18.8533
43,12657,126,0.236928328871727,0.000538433087058,0.2308,126,0.0235,0,23.0844,0.2411,126,0.0296,0,24.1148,0.2357,126,0.031,0,23.5749,0.3042,126,0.039,0,30.422,0,126,,,,0.722,126,0.0842,0,72.2039,0,126,,,,105,21,0.4459,0.1019,44.5935,0.5985,126,0.0743,0,59.8538,0.6326,126,0.0696,0,63.2573,0.5037,126,0.0812,0,50.3671,0.3981,126,0.0412,0,39.8102,0.2261,126,0.0193,0,22.6122,0.1779,126,0.0179,0,17.7947,0.2275,126,0.0403,0,22.748,0.3596,126,0.0452,0,35.9628,0.3109,126,0.0455,0,31.0885,0.4286,126,0.1594,0,42.8586,0.3647,126,0.0972,0,36.4732,0.3654,51,0.0363,75,36.5383,,0,,126,,0.6987,126,0.0706,0,69.8701,0.3226,126,0.061,0,32.2618,0.208,126,0.0286,0,20.7959,0.2016,126,0.0358,0,20.1615,0.1396,126,0.02,0,13.9631,0.1799,126,0.0239,0,17.9933,0.2227,126,0.0262,0,22.2726,0.5486,126,0.0683,0,54.8606,0.3058,126,0.0778,0,30.5787,0.2492,126,0.0509,0,24.9203,0.6141,122,0.0879,4,61.4086,0.347,1,0.0,125,34.7024,0.435,31,0.169,95,43.5044,0.4795,126,0.0681,0,47.9497,0.2435,126,0.0417,0,24.3467,0.1972,126,0.032,0,19.719,0.1389,126,0.0283,0,13.89,0.1853,126,0.024,0,18.5338
44,8972,170,0.292639404535294,0.000400430348236,0.2588,170,0.0349,0,25.8795,0.2574,170,0.0263,0,25.7358,0.2782,170,0.0402,0,27.8223,0.329,170,0.0645,0,32.9024,0,170,,,,0.571,170,0.1716,0,57.1005,0,170,,,,2,168,0.3294,0.0019,32.9351,0.5648,170,0.0711,0,56.4754,0.6349,170,0.0555,0,63.4901,0.6253,170,0.0447,0,62.5349,0.5664,170,0.035,0,56.6409,0.2794,170,0.0195,0,27.9374,0.2005,170,0.0142,0,20.0515,0.2428,170,0.0383,0,24.2803,0.3878,170,0.1386,0,38.7771,0.3336,170,0.0829,0,33.3601,0.6581,170,0.1007,0,65.8124,0.531,163,0.1042,7,53.1037,0.4001,92,0.0478,78,40.0136,,0,,170,,0.6778,170,0.0603,0,67.7813,0.5749,170,0.0375,0,57.4908,0.2797,170,0.0356,0,27.9691,0.2597,170,0.0399,0,25.9711,0.1573,170,0.0133,0,15.7257,0.2286,170,0.0206,0,22.8597,0.3287,170,0.0534,0,32.8676,0.5541,170,0.1594,0,55.4149,0.5909,170,0.1282,0,59.0871,0.2892,148,0.0276,22,28.9199,0.4982,164,0.1053,6,49.822,0.4097,91,0.025,79,40.9718,0.5919,154,0.1272,16,59.1852,0.5271,170,0.0675,0,52.7149,0.2797,170,0.0429,0,27.9673,0.2459,170,0.0314,0,24.5872,0.1675,170,0.0277,0,16.7487,0.2183,170,0.0448,0,21.8335
45,11578,167,0.246296003460884,0.000180686809472,0.2355,167,0.018,0,23.5542,0.2178,167,0.0224,0,21.775,0.2161,167,0.0296,0,21.608,0.2702,167,0.0293,0,27.0197,0,167,,,,0.5873,167,0.1095,0,58.7297,0,167,,,,66,101,0.3507,0.0743,35.0655,0.5314,167,0.0807,0,53.1414,0.594,167,0.0631,0,59.4009,0.503,167,0.0727,0,50.3048,0.4395,167,0.0493,0,43.9459,0.2462,167,0.0142,0,24.6164,0.1813,167,0.01,0,18.1326,0.205,167,0.0234,0,20.5013,0.3556,167,0.0447,0,35.559,0.2495,167,0.0288,0,24.9507,0.3088,167,0.114,0,30.8787,0.3307,167,0.0651,0,33.0692,0.3387,60,0.0523,107,33.87,,0,,167,,0.5758,167,0.0642,0,57.5845,0.3617,167,0.0755,0,36.1655,0.2091,167,0.0214,0,20.9053,0.1881,167,0.0204,0,18.8069,0.1297,167,0.0079,0,12.9733,0.1755,167,0.0171,0,17.5511,0.2374,167,0.0238,0,23.7406,0.4952,167,0.0771,0,49.5161,0.4041,167,0.093,0,40.405,0.2047,18,0.0225,149,20.4698,0.5111,167,0.1153,0,51.1093,0.4238,21,0.0155,146,42.3784,0.5371,142,0.0858,25,53.705,0.4207,167,0.0568,0,42.0718,0.2299,167,0.0258,0,22.9871,0.2065,167,0.0163,0,20.6473,0.1372,167,0.0122,0,13.7199,0.1811,167,0.0154,0,18.1081
46,11056,308,0.24960008263588,0.000313370546792,0.2201,308,0.029,0,22.012,0.2091,308,0.0301,0,20.9129,0.223,308,0.033,0,22.3042,0.2549,308,0.0379,0,25.4899,0,308,,,,0.4361,308,0.1167,0,43.6073,0,308,,,,0,308,,,,0.4198,284,0.0676,24,41.9813,0.5937,308,0.0704,0,59.3688,0.5609,308,0.0817,0,56.0881,0.5098,308,0.0489,0,50.9797,0.2485,308,0.0193,0,24.8512,0.1822,308,0.0103,0,18.2156,0.2013,308,0.0238,0,20.1345,0.3141,308,0.0831,0,31.4121,0.2865,179,0.0759,129,28.6549,0.4892,308,0.1196,0,48.918,0.4237,308,0.1198,0,42.3677,0.396,242,0.085,66,39.5963,,0,,308,,0.6468,308,0.0847,0,64.6791,0.4883,308,0.0975,0,48.8347,0.2223,308,0.0198,0,22.2328,0.214,308,0.029,0,21.3958,0.1435,308,0.0149,0,14.3543,0.1948,308,0.0179,0,19.4774,0.2551,308,0.0349,0,25.5079,0.4884,308,0.1344,0,48.8364,0.5163,308,0.1406,0,51.6286,0.2246,255,0.0348,53,22.4559,0.36,125,0.0535,183,35.9959,0.4295,307,0.0431,1,42.9501,0.661,308,0.1094,0,66.0997,0.5558,308,0.1101,0,55.5834,0.2693,308,0.037,0,26.932,0.2159,308,0.0202,0,21.5867,0.1424,308,0.0153,0,14.2418,0.1682,308,0.0183,0,16.8156
47,13435,258,0.208066776394844,0.00013224160648,0.1879,258,0.0168,0,18.7885,0.1917,258,0.0235,0,19.1693,0.1893,258,0.0262,0,18.9286,0.2712,258,0.0323,0,27.1152,0,258,,,,0.4823,258,0.0666,0,48.2295,0,258,,,,245,13,0.4338,0.094,43.3792,0.5084,222,0.0995,36,50.8359,0.5874,258,0.0637,0,58.7392,0.426,258,0.0589,0,42.6044,0.3515,258,0.0301,0,35.1524,0.2103,258,0.0102,0,21.0323,0.1626,258,0.0099,0,16.2626,0.1748,258,0.0224,0,17.4794,0.3455,258,0.0277,0,34.5499,0.2765,258,0.0235,0,27.6495,0.217,258,0.0319,0,21.7015,0.2972,258,0.0402,0,29.7162,0.3513,204,0.036,54,35.1318,,0,,258,,0.5842,258,0.0808,0,58.4228,0.2712,258,0.0454,0,27.1172,0.1857,258,0.0178,0,18.5707,0.1663,258,0.0147,0,16.631,0.1228,258,0.0062,0,12.2796,0.1606,258,0.0106,0,16.0631,0.223,258,0.0199,0,22.296,0.4505,258,0.0672,0,45.0452,0.3097,258,0.084,0,30.9735,0.2211,180,0.0488,78,22.1131,0.512,258,0.13,0,51.2034,0.4089,22,0.0554,236,40.8942,0.5034,226,0.1123,32,50.3358,0.3682,258,0.0747,0,36.8166,0.1825,258,0.0161,0,18.2541,0.1733,258,0.0152,0,17.3332,0.1187,258,0.0113,0,11.8677,0.1617,258,0.0166,0,16.1676
48,11970,136,0.253270477056503,0.000245235598413,0.2339,136,0.0235,0,23.3888,0.2091,136,0.0346,0,20.9055,0.2247,136,0.0424,0,22.4742,0.2746,136,0.0388,0,27.4571,0,136,,,,0.5804,136,0.1354,0,58.0396,0,136,,,,5,131,0.3562,0.103,35.6167,0.5651,136,0.0682,0,56.5138,0.6114,136,0.0542,0,61.1371,0.5211,136,0.0911,0,52.1052,0.4911,136,0.0349,0,49.1137,0.2375,136,0.0162,0,23.7514,0.1777,136,0.0093,0,17.7701,0.2056,136,0.0331,0,20.5617,0.3602,136,0.0693,0,36.0219,0.3026,136,0.0514,0,30.256,0.4536,136,0.151,0,45.3562,0.4736,67,0.1158,69,47.3629,0.353,108,0.0557,28,35.303,,0,,136,,0.7327,136,0.0467,0,73.2704,0.4789,136,0.0593,0,47.8947,0.2365,136,0.0259,0,23.6508,0.2206,136,0.0253,0,22.0612,0.1415,136,0.0119,0,14.1546,0.2049,136,0.0241,0,20.4894,0.2689,136,0.0343,0,26.8911,0.5353,136,0.097,0,53.5327,0.5027,136,0.1076,0,50.2668,0.2369,134,0.0374,2,23.6907,0.347,90,0.0548,46,34.6954,0.3972,106,0.027,30,39.718,0.5059,95,0.1191,41,50.5877,0.4709,136,0.058,0,47.0916,0.2554,136,0.03,0,25.5422,0.21,136,0.0219,0,21.004,0.1433,136,0.0172,0,14.3253,0.1734,136,0.0224,0,17.337
49,12463,185,0.218039572238922,0.000181275871,0.2042,185,0.0164,0,20.4177,0.2207,185,0.0211,0,22.0718,0.2175,185,0.0244,0,21.748,0.3,185,0.0363,0,29.9991,0,185,,,,0.7018,185,0.1287,0,70.181,0,185,,,,175,10,0.5805,0.1032,58.0467,0.6581,185,0.0632,0,65.8099,0.6742,185,0.0586,0,67.4222,0.5663,185,0.0458,0,56.6287,0.3812,185,0.041,0,38.1229,0.201,185,0.0118,0,20.0989,0.1613,185,0.0092,0,16.128,0.2452,185,0.0374,0,24.5192,0.4195,185,0.0586,0,41.9521,0.3235,185,0.0598,0,32.3514,0.5905,185,0.1378,0,59.0485,0.4661,182,0.1263,3,46.6051,0.4851,29,0.0916,156,48.5135,,0,,185,,0.7426,185,0.0478,0,74.2562,0.3519,185,0.0629,0,35.1852,0.2002,185,0.0185,0,20.018,0.1851,185,0.0184,0,18.5074,0.1385,185,0.014,0,13.8479,0.1759,185,0.0175,0,17.5855,0.2353,185,0.0373,0,23.5308,0.5526,185,0.1028,0,55.2642,0.4728,185,0.1157,0,47.282,0.2939,184,0.0787,1,29.3925,0.514,132,0.0704,53,51.3951,0.3235,1,0.0,184,32.3519,0.6436,138,0.1793,47,64.3567,0.377,185,0.0929,0,37.6985,0.2252,185,0.0396,0,22.5174,0.1806,185,0.0194,0,18.0585,0.1259,185,0.0162,0,12.5929,0.1756,185,0.0231,0,17.5646
50,15598,111,0.245693698525429,0.00042741082143,0.2145,111,0.0167,0,21.4522,0.1984,111,0.0285,0,19.8367,0.188,111,0.0249,0,18.8005,0.2717,111,0.0321,0,27.1659,0,111,,,,0.4475,111,0.085,0,44.7544,0,111,,,,105,6,0.4339,0.0974,43.3898,0.5563,55,0.1076,56,55.6276,0.6561,111,0.0382,0,65.6098,0.5167,111,0.0373,0,51.6675,0.4032,111,0.0289,0,40.3197,0.2392,111,0.0155,0,23.9204,0.1826,111,0.0152,0,18.2635,0.2111,111,0.0384,0,21.1065,0.3935,111,0.0273,0,39.3527,0.2873,111,0.0302,0,28.7281,0.2203,111,0.0527,0,22.0263,0.2963,111,0.072,0,29.6309,0.3694,80,0.0326,31,36.944,,0,,111,,0.6715,111,0.05,0,67.1524,0.3614,111,0.0374,0,36.1398,0.2339,111,0.026,0,23.386,0.2044,111,0.029,0,20.4366,0.1347,111,0.0123,0,13.4728,0.1819,111,0.0168,0,18.1863,0.2546,111,0.0231,0,25.4602,0.5633,111,0.0267,0,56.3301,0.5001,111,0.0745,0,50.0083,0.3653,77,0.1381,34,36.5263,0.6813,111,0.1388,0,68.126,0.4785,10,0.0292,101,47.8536,0.6513,111,0.0478,0,65.1337,0.5018,111,0.0581,0,50.1819,0.2203,111,0.0342,0,22.0308,0.2091,111,0.0305,0,20.9119,0.147,111,0.023,0,14.6974,0.1837,111,0.0189,0,18.3674
51,13984,133,0.196375578641891,7.0640533522e-05,0.1816,133,0.0119,0,18.1634,0.1916,133,0.0129,0,19.157,0.1858,133,0.0139,0,18.5804,0.2528,133,0.0222,0,25.2757,0,133,,,,0.4819,133,0.1756,0,48.1879,0,133,,,,133,0,0.4455,0.0624,44.5497,0.6471,133,0.0548,0,64.7143,0.6605,133,0.0402,0,66.0534,0.4959,133,0.0695,0,49.5915,0.3503,133,0.0308,0,35.0309,0.1947,133,0.0091,0,19.4679,0.1537,133,0.0073,0,15.3738,0.197,133,0.0178,0,19.6969,0.3292,133,0.0386,0,32.9184,0.2726,133,0.0408,0,27.2578,0.3662,133,0.1601,0,36.6219,0.3572,133,0.0969,0,35.7152,0.366,39,0.0398,94,36.6,,0,,133,,0.6766,133,0.0715,0,67.6575,0.3083,133,0.0658,0,30.8329,0.1804,133,0.0114,0,18.0427,0.1722,133,0.0108,0,17.2159,0.1391,133,0.0096,0,13.9072,0.1531,133,0.0127,0,15.3087,0.2133,133,0.0296,0,21.3257,0.3924,133,0.0708,0,39.2387,0.3435,133,0.1249,0,34.3456,0.2158,133,0.0424,0,21.5793,0.4027,112,0.0964,21,40.272,,0,,133,,0.6145,121,0.1393,12,61.4519,0.3289,133,0.0774,0,32.8935,0.2009,133,0.0312,0,20.0873,0.1692,133,0.0133,0,16.9178,0.1164,133,0.0108,0,11.643,0.1506,133,0.0132,0,15.0598
52,14600,124,0.269162088632584,0.000437581446022,0.2505,124,0.024,0,25.0488,0.2096,124,0.0377,0,20.9617,0.2358,124,0.0388,0,23.5799,0.2711,124,0.0453,0,27.1056,0,124,,,,0.5108,124,0.129,0,51.0847,0,124,,,,0,124,,,,0.4975,124,0.0535,0,49.7468,0.5926,124,0.0559,0,59.2611,0.5681,124,0.0748,0,56.8142,0.5006,124,0.0293,0,50.0623,0.2478,124,0.0192,0,24.7786,0.1828,124,0.0148,0,18.2764,0.2139,124,0.0335,0,21.3946,0.3763,124,0.0524,0,37.6279,0.2951,124,0.0308,0,29.5094,0.5019,124,0.1576,0,50.1938,0.5061,86,0.0894,38,50.6079,0.2894,39,0.0268,85,28.9411,,0,,124,,0.7099,124,0.0514,0,70.9893,0.525,124,0.0458,0,52.4955,0.2407,124,0.0284,0,24.0652,0.2305,124,0.0285,0,23.0505,0.1516,124,0.0189,0,15.1572,0.2061,124,0.0187,0,20.6068,0.2724,124,0.0362,0,27.2405,0.5146,124,0.107,0,51.4624,0.5052,124,0.118,0,50.5185,0.2656,77,0.0926,47,26.5553,0.4047,70,0.0585,54,40.4739,0.432,103,0.0322,21,43.1969,0.5752,124,0.074,0,57.5189,0.4656,124,0.0566,0,46.5634,0.2865,124,0.0389,0,28.6488,0.2174,124,0.0272,0,21.7408,0.149,124,0.0201,0,14.8992,0.1721,124,0.0189,0,17.21
53,14398,119,0.275168001651764,0.000848592317197,0.2545,119,0.0317,0,25.4482,0.2438,119,0.0505,0,24.3785,0.2296,119,0.0365,0,22.9623,0.2926,119,0.0584,0,29.2567,0,119,,,,0.543,119,0.1344,0,54.297,0,119,,,,2,117,0.1852,0.0028,18.5156,0.5042,117,0.0786,2,50.4154,0.6122,119,0.0587,0,61.2165,0.5902,119,0.0433,0,59.0234,0.4767,119,0.0423,0,47.6714,0.2594,119,0.0246,0,25.9442,0.1973,119,0.0216,0,19.7302,0.2515,119,0.0609,0,25.148,0.3676,119,0.0418,0,36.7613,0.2787,119,0.047,0,27.8657,0.3421,119,0.1056,0,34.2061,0.3286,113,0.058,6,32.8644,0.2959,22,0.0232,97,29.5937,,0,,119,,0.6262,119,0.0566,0,62.6228,0.4403,119,0.0505,0,44.0316,0.2496,119,0.0337,0,24.9602,0.2188,119,0.0392,0,21.8786,0.1438,119,0.0192,0,14.3762,0.202,119,0.0307,0,20.1973,0.2615,119,0.0334,0,26.1525,0.4678,119,0.1071,0,46.7845,0.3894,119,0.0831,0,38.9366,0.2296,103,0.0406,16,22.961,0.3234,74,0.0672,45,32.3397,0.4056,36,0.0204,83,40.5619,0.5972,119,0.0373,0,59.7249,0.4167,119,0.0697,0,41.6713,0.2645,119,0.0344,0,26.4466,0.2179,119,0.0293,0,21.7906,0.1535,119,0.0293,0,15.3506,0.1754,119,0.0263,0,17.5421
54,14510,113,0.241930261254311,0.000529910845216,0.2066,113,0.024,0,20.6565,0.248,113,0.0291,0,24.7991,0.2279,113,0.0313,0,22.7949,0.3655,113,0.049,0,36.5505,0,113,,,,0.7141,113,0.0742,0,71.414,0,113,,,,110,3,0.6018,0.0392,60.1811,0.5849,71,0.0581,42,58.4944,0.642,113,0.0563,0,64.2039,0.579,113,0.0465,0,57.903,0.3978,113,0.0495,0,39.7822,0.2144,113,0.0181,0,21.4386,0.1728,113,0.0156,0,17.2788,0.247,113,0.0324,0,24.7023,0.3629,113,0.0687,0,36.288,0.3084,113,0.0399,0,30.8395,0.3944,113,0.1069,0,39.4417,0.3858,113,0.0883,0,38.581,0.3461,51,0.0506,62,34.609,,0,,113,,0.6695,113,0.0622,0,66.9507,0.3208,113,0.0576,0,32.08,0.2174,113,0.0237,0,21.7356,0.1957,113,0.021,0,19.5743,0.1311,113,0.0091,0,13.1124,0.1463,113,0.0375,0,14.6258,0.27,113,0.0471,0,26.9962,0.4917,113,0.1533,0,49.171,0.3704,113,0.1207,0,37.042,0.2936,101,0.0636,12,29.3633,0.4041,8,0.1561,105,40.4072,,0,,113,,0.5954,113,0.1018,0,59.5408,0.4363,113,0.0707,0,43.6307,0.2744,113,0.0364,0,27.4368,0.1968,113,0.0186,0,19.6794,0.1346,113,0.0148,0,13.4577,0.1741,113,0.022,0,17.4141
55,13956,245,0.219494014978409,0.000591508694924,0.1898,245,0.0276,0,18.9816,0.216,245,0.032,0,21.5998,0.2098,245,0.0311,0,20.9833,0.3083,245,0.0507,0,30.8267,0,245,,,,0.7164,245,0.0889,0,71.6389,0,245,,,,183,62,0.6457,0.0456,64.5697,0.6332,235,0.0731,10,63.3189,0.6274,245,0.0815,0,62.7356,0.5334,245,0.0753,0,53.3377,0.3527,245,0.0582,0,35.2651,0.1982,245,0.0163,0,19.8224,0.1605,245,0.0129,0,16.0479,0.246,245,0.0359,0,24.5959,0.3908,245,0.0768,0,39.0796,0.3219,245,0.0499,0,32.1911,0.5425,245,0.1677,0,54.253,0.4824,245,0.1454,0,48.2393,0.3312,35,0.0508,210,33.1207,,0,,245,,0.7001,245,0.0537,0,70.0128,0.3369,245,0.0663,0,33.6924,0.2002,245,0.0317,0,20.0164,0.187,245,0.0274,0,18.7005,0.1313,245,0.0129,0,13.1256,0.1604,245,0.037,0,16.0418,0.2603,245,0.0611,0,26.0342,0.5274,245,0.1548,0,52.7437,0.4829,245,0.1554,0,48.2948,0.3039,240,0.0892,5,30.3886,0.5238,37,0.0601,208,52.3787,,0,,245,,0.6539,240,0.0952,5,65.3893,0.3827,245,0.0698,0,38.2734,0.2355,245,0.0327,0,23.5542,0.1821,245,0.0159,0,18.212,0.1256,245,0.0134,0,12.5633,0.177,245,0.0249,0,17.6988
56,13470,236,0.236494719982147,0.000188425750821,0.2272,236,0.0182,0,22.7197,0.1963,236,0.0203,0,19.6314,0.2083,236,0.0249,0,20.8276,0.2544,236,0.0315,0,25.4419,0,236,,,,0.5174,236,0.1486,0,51.7379,0,236,,,,15,221,0.2838,0.1206,28.3765,0.5163,234,0.1248,2,51.6282,0.5851,236,0.0726,0,58.5068,0.5435,236,0.0494,0,54.345,0.4435,236,0.0335,0,44.3512,0.2254,236,0.0196,0,22.5447,0.1723,236,0.012,0,17.2291,0.1907,236,0.0208,0,19.075,0.3493,236,0.051,0,34.9346,0.2842,236,0.0289,0,28.4221,0.3803,236,0.1479,0,38.031,0.3479,91,0.0801,145,34.7923,0.3056,119,0.0486,117,30.5588,,0,,236,,0.6705,236,0.0747,0,67.0495,0.4375,236,0.072,0,43.7505,0.213,236,0.0221,0,21.2953,0.1852,236,0.0186,0,18.5175,0.1369,236,0.0139,0,13.6851,0.184,236,0.0149,0,18.4007,0.2418,236,0.0282,0,24.1839,0.5006,236,0.0978,0,50.0588,0.4394,236,0.1054,0,43.941,0.2548,186,0.0799,50,25.4839,0.3957,134,0.0783,102,39.5714,0.4094,127,0.0318,109,40.9449,0.5597,221,0.0634,15,55.9698,0.3838,236,0.05,0,38.3825,0.2308,236,0.028,0,23.0794,0.1872,236,0.0184,0,18.7177,0.1288,236,0.0132,0,12.8831,0.1578,236,0.0149,0,15.7802
57,16123,247,0.26777595281601,0.001538013108075,0.2303,247,0.0312,0,23.0257,0.2553,247,0.0398,0,25.5294,0.2488,247,0.0379,0,24.8816,0.3377,247,0.0518,0,33.7748,0,247,,,,0.6909,247,0.0831,0,69.0935,1,246,0.4775,0.0,47.7506,94,153,0.5492,0.064,54.9224,0.6604,247,0.044,0,66.0423,0.6116,247,0.0734,0,61.1573,0.5901,247,0.0498,0,59.0071,0.4222,247,0.0608,0,42.2208,0.229,247,0.0322,0,22.9034,0.1826,247,0.0236,0,18.2625,0.2863,247,0.0503,0,28.633,0.4306,247,0.0649,0,43.0566,0.3638,247,0.0726,0,36.3845,0.6029,247,0.1406,0,60.2899,0.4355,247,0.1038,0,43.5462,0.393,121,0.0875,126,39.2968,,0,,247,,0.6991,247,0.0553,0,69.9117,0.4634,247,0.0688,0,46.339,0.2649,247,0.0506,0,26.4945,0.2247,247,0.0441,0,22.4652,0.1587,247,0.026,0,15.8711,0.2034,247,0.0437,0,20.3428,0.289,247,0.0431,0,28.9032,0.5293,247,0.1283,0,52.9341,0.5035,247,0.1469,0,50.3458,0.3653,199,0.0902,48,36.5314,,0,,247,,0.3589,5,0.0146,242,35.8896,0.7342,247,0.0642,0,73.4211,0.4964,247,0.0725,0,49.6403,0.3273,247,0.0606,0,32.7334,0.2216,247,0.0365,0,22.1631,0.1543,247,0.0297,0,15.4273,0.2025,247,0.0342,0,20.2452
58,14364,207,0.213146805763245,0.000372145936126,0.2045,207,0.0209,0,20.4538,0.1985,207,0.0236,0,19.8513,0.1911,207,0.0227,0,19.1054,0.2601,207,0.0303,0,26.0133,0,207,,,,0.4808,207,0.2444,0,48.0805,0,207,,,,185,22,0.4237,0.0695,42.3658,0.6246,207,0.0921,0,62.4645,0.6676,207,0.0478,0,66.7639,0.5318,207,0.079,0,53.1784,0.3941,207,0.0463,0,39.4099,0.2121,207,0.0141,0,21.2075,0.1639,207,0.0119,0,16.3931,0.2021,207,0.0263,0,20.2065,0.325,207,0.0383,0,32.4982,0.2869,207,0.0306,0,28.6908,0.3191,207,0.1628,0,31.9106,0.3252,203,0.0969,4,32.5233,0.3899,144,0.0548,63,38.9918,,0,,207,,0.6677,207,0.0526,0,66.775,0.3088,207,0.0651,0,30.878,0.194,207,0.0254,0,19.3967,0.1818,207,0.0232,0,18.1791,0.1342,207,0.0125,0,13.4221,0.1615,207,0.0164,0,16.1462,0.2314,207,0.0263,0,23.1402,0.4847,207,0.1299,0,48.4708,0.3179,207,0.1152,0,31.7907,0.2492,207,0.1352,0,24.9181,0.391,204,0.1208,3,39.0954,0.3084,4,0.0068,203,30.8448,0.6465,202,0.1097,5,64.6507,0.3579,207,0.0869,0,35.7918,0.1984,207,0.034,0,19.8402,0.1718,207,0.0211,0,17.1822,0.1189,207,0.0176,0,11.8852,0.1569,207,0.0195,0,15.6938
59,15258,168,0.23645555973053,0.000148327759234,0.2173,168,0.0193,0,21.7329,0.1935,168,0.0179,0,19.3524,0.1904,168,0.0189,0,19.0369,0.2495,168,0.021,0,24.9492,0,168,,,,0.4609,157,0.1164,11,46.094,0,168,,,,35,133,0.3001,0.0864,30.011,0.4744,165,0.0552,3,47.44,0.5979,168,0.0571,0,59.7893,0.5426,168,0.0406,0,54.2551,0.415,168,0.0455,0,41.5025,0.2268,168,0.0161,0,22.6765,0.1722,168,0.0091,0,17.2235,0.1862,168,0.0136,0,18.6193,0.3643,168,0.0295,0,36.4274,0.2711,168,0.0355,0,27.1089,0.3022,168,0.1258,0,30.2241,0.2938,146,0.0479,22,29.3798,0.3258,99,0.037,69,32.5808,,0,,168,,0.648,168,0.0604,0,64.8012,0.3948,168,0.0483,0,39.4836,0.2237,168,0.0242,0,22.3685,0.1978,168,0.0173,0,19.7755,0.1291,168,0.0067,0,12.9143,0.1806,168,0.0118,0,18.0552,0.2457,168,0.0239,0,24.5709,0.5167,168,0.068,0,51.6676,0.4859,168,0.0806,0,48.5872,0.2603,117,0.0421,51,26.0348,0.453,146,0.1381,22,45.303,0.4468,88,0.044,80,44.6795,0.5862,168,0.0498,0,58.6165,0.3996,168,0.0599,0,39.956,0.2303,168,0.0215,0,23.0257,0.1921,168,0.0139,0,19.2129,0.131,168,0.0116,0,13.0957,0.1661,168,0.0128,0,16.613
60,18653,128,0.293825417757034,0.00068951403955,0.273,128,0.0271,0,27.3046,0.2376,128,0.0253,0,23.7564,0.2404,128,0.0252,0,24.0386,0.3181,128,0.0563,0,31.8131,0,128,,,,0.5934,128,0.1077,0,59.3354,0,128,,,,5,123,0.4747,0.0354,47.4659,0.3539,53,0.0627,75,35.3909,0.6007,128,0.0476,0,60.0654,0.6187,128,0.0506,0,61.8666,0.5115,128,0.0482,0,51.1515,0.2663,128,0.0255,0,26.627,0.1963,128,0.0115,0,19.6279,0.2351,128,0.0227,0,23.5073,0.443,128,0.0862,0,44.2997,0.3361,112,0.0622,16,33.6082,0.6585,128,0.1028,0,65.8521,,0,,128,,0.306,22,0.0528,106,30.6029,,0,,128,,0.6729,128,0.0681,0,67.292,0.5354,128,0.0546,0,53.5428,0.2336,128,0.0186,0,23.3551,0.2425,128,0.0232,0,24.2493,0.1725,128,0.0111,0,17.2517,0.1906,128,0.0172,0,19.0582,0.3191,128,0.0572,0,31.9145,0.5864,128,0.1185,0,58.6396,0.6047,128,0.1397,0,60.4723,0.4939,127,0.1281,1,49.3893,0.4473,124,0.0839,4,44.7296,0.4412,126,0.0287,2,44.1226,0.5967,128,0.0404,0,59.6743,0.4696,128,0.0711,0,46.964,0.2972,128,0.0504,0,29.7183,0.1901,128,0.0285,0,19.0119,0.1296,128,0.0215,0,12.9621,0.1618,128,0.0304,0,16.1826
61,17449,164,0.227895066142082,0.000268134608632,0.2038,164,0.0188,0,20.3822,0.2113,164,0.0267,0,21.1339,0.2065,164,0.0254,0,20.6474,0.2738,164,0.0415,0,27.3837,0,164,,,,0.5155,164,0.1523,0,51.5466,4,160,0.3402,0.1147,34.0174,66,98,0.4789,0.0781,47.893,0.6169,164,0.0575,0,61.6878,0.5419,164,0.0566,0,54.1886,0.5659,164,0.0476,0,56.5905,0.3859,164,0.0372,0,38.587,0.2108,164,0.0151,0,21.0758,0.1664,164,0.0118,0,16.6383,0.2236,164,0.0353,0,22.3612,0.3559,164,0.0693,0,35.5942,0.3097,164,0.0683,0,30.9721,0.6097,164,0.0728,0,60.9707,0.3965,164,0.1046,0,39.655,0.379,127,0.0966,37,37.8977,,0,,164,,0.6431,164,0.0567,0,64.3147,0.4211,164,0.0513,0,42.1081,0.2165,164,0.033,0,21.6533,0.1896,164,0.0207,0,18.9626,0.1447,164,0.0106,0,14.4651,0.1745,164,0.0267,0,17.4487,0.2546,164,0.0387,0,25.4569,0.4473,164,0.1472,0,44.7271,0.4191,164,0.1352,0,41.9091,0.3384,159,0.1069,5,33.8396,0.5462,5,0.0677,159,54.6195,,0,,164,,0.7198,164,0.0749,0,71.978,0.4567,164,0.0687,0,45.6712,0.285,164,0.0341,0,28.4956,0.1959,164,0.0194,0,19.59,0.1354,164,0.0158,0,13.5411,0.173,164,0.0213,0,17.2993
62,16930,149,0.251014918088913,0.00019060599152,0.2312,149,0.0188,0,23.1171,0.1953,149,0.0219,0,19.531,0.1871,149,0.0206,0,18.7077,0.252,149,0.0251,0,25.2026,0,149,,,,0.2477,89,0.0833,60,24.7712,0,149,,,,16,133,0.3202,0.0351,32.0193,0.4436,143,0.0517,6,44.3603,0.6082,149,0.0509,0,60.8179,0.5515,149,0.0564,0,55.1474,0.4767,149,0.0356,0,47.6692,0.2588,149,0.0144,0,25.8754,0.1839,149,0.0096,0,18.3905,0.2113,149,0.0247,0,21.1265,0.3388,149,0.0459,0,33.8827,0.242,149,0.0354,0,24.1997,0.325,149,0.1049,0,32.4996,0.3077,125,0.0715,24,30.7662,0.3654,112,0.0406,37,36.5401,,0,,149,,0.6535,149,0.0585,0,65.3533,0.405,149,0.0545,0,40.4993,0.2407,149,0.0205,0,24.0677,0.2072,149,0.0207,0,20.7181,0.1421,149,0.0112,0,14.2095,0.1777,149,0.0146,0,17.7663,0.2616,149,0.0201,0,26.1642,0.428,149,0.0975,0,42.7965,0.4016,149,0.107,0,40.1563,0.2639,147,0.0792,2,26.3856,0.4002,149,0.1435,0,40.0179,0.4307,127,0.0307,22,43.0742,0.5997,149,0.0534,0,59.9672,0.4147,149,0.0705,0,41.4654,0.2239,149,0.0267,0,22.3937,0.1942,149,0.0181,0,19.4211,0.1348,149,0.0159,0,13.479,0.1711,149,0.0176,0,17.1108
63,18446,113,0.262016147375107,0.000902865605894,0.2539,113,0.027,0,25.3884,0.2197,113,0.0426,0,21.9693,0.2195,113,0.0345,0,21.9487,0.2767,113,0.0506,0,27.6738,0,113,,,,0.5778,113,0.0944,0,57.775,0,113,,,,0,113,,,,0.3348,62,0.0718,51,33.4769,0.5614,113,0.0607,0,56.1419,0.5728,113,0.0384,0,57.2823,0.4453,113,0.0336,0,44.5282,0.2462,113,0.0234,0,24.6205,0.1883,113,0.0175,0,18.8319,0.2296,113,0.0432,0,22.9618,0.3492,113,0.0492,0,34.9169,0.2425,113,0.0483,0,24.2454,0.4501,113,0.122,0,45.0073,0.349,8,0.0431,105,34.9023,0.3012,7,0.0197,106,30.1179,,0,,113,,0.5992,113,0.0884,0,59.9217,0.4693,113,0.0471,0,46.9253,0.2502,113,0.0326,0,25.0242,0.2341,113,0.0459,0,23.414,0.1494,113,0.0203,0,14.9353,0.1979,113,0.0253,0,19.7908,0.2319,113,0.0462,0,23.1856,0.3764,113,0.0995,0,37.6368,0.4294,113,0.0812,0,42.9382,0.2683,102,0.0285,11,26.8329,0.3655,109,0.076,4,36.5545,0.4343,34,0.0224,79,43.4272,0.5925,113,0.041,0,59.2472,0.4542,113,0.0563,0,45.4171,0.2853,113,0.0413,0,28.5312,0.2332,113,0.0316,0,23.3217,0.1612,113,0.0275,0,16.1237,0.1936,113,0.0319,0,19.3584
64,18042,104,0.217064708471298,5.4229811212e-05,0.2054,104,0.0093,0,20.5373,0.1809,104,0.0103,0,18.088,0.1762,104,0.01,0,17.6222,0.2518,104,0.0245,0,25.1765,0,104,,,,0.205,104,0.046,0,20.4965,0,104,,,,30,74,0.3437,0.0513,34.371,0.4337,104,0.0628,0,43.3679,0.5858,104,0.0677,0,58.5819,0.5124,104,0.0637,0,51.2377,0.4068,104,0.0449,0,40.6791,0.2321,104,0.0128,0,23.2119,0.1718,104,0.0105,0,17.1759,0.1982,104,0.014,0,19.8223,0.3164,104,0.0296,0,31.6449,0.2676,104,0.0214,0,26.7608,0.2304,104,0.0394,0,23.0419,0.3236,104,0.0542,0,32.363,0.3687,14,0.0658,90,36.8669,,0,,104,,0.5949,104,0.0435,0,59.4879,0.2882,104,0.0275,0,28.8217,0.1969,104,0.0109,0,19.6862,0.1773,104,0.0097,0,17.7299,0.1347,104,0.0079,0,13.4722,0.1541,104,0.0082,0,15.4086,0.2567,104,0.0205,0,25.6682,0.3517,104,0.0572,0,35.17,0.2713,104,0.0616,0,27.1266,0.2171,104,0.0422,0,21.7062,0.3225,104,0.0494,0,32.2454,0.3688,2,0.0069,102,36.8754,0.563,104,0.0533,0,56.2971,0.3079,104,0.075,0,30.7918,0.1855,104,0.0228,0,18.5538,0.1643,104,0.0096,0,16.4336,0.112,104,0.0066,0,11.2047,0.1446,104,0.0175,0,14.4583
65,16346,247,0.22529624402523,0.000163043412613,0.2068,247,0.0163,0,20.6806,0.1808,247,0.0188,0,18.0787,0.1718,247,0.0176,0,17.1756,0.2457,247,0.0211,0,24.5712,0,247,,,,0.3057,235,0.0988,12,30.5696,0,247,,,,72,175,0.3559,0.0689,35.5871,0.4538,194,0.1009,53,45.3833,0.5855,247,0.0693,0,58.5516,0.5182,247,0.0453,0,51.8202,0.4117,247,0.0385,0,41.1674,0.2328,247,0.0141,0,23.2779,0.1728,247,0.0092,0,17.2833,0.2007,247,0.0232,0,20.0747,0.3284,247,0.0434,0,32.8391,0.2608,247,0.0316,0,26.0824,0.2531,247,0.0963,0,25.3088,0.2864,213,0.0591,34,28.643,0.356,104,0.0513,143,35.5955,,0,,247,,0.6344,247,0.0528,0,63.4363,0.3446,247,0.0494,0,34.4643,0.2109,247,0.0214,0,21.0867,0.1881,247,0.0175,0,18.8108,0.1339,247,0.0112,0,13.3895,0.1685,247,0.0129,0,16.8501,0.2516,247,0.026,0,25.1633,0.4486,247,0.1107,0,44.8609,0.3706,247,0.1202,0,37.0604,0.2719,228,0.1121,19,27.1855,0.4968,247,0.188,0,49.6751,0.472,39,0.0391,208,47.203,0.607,247,0.0687,0,60.6993,0.387,247,0.0846,0,38.6995,0.1991,247,0.0317,0,19.9073,0.177,247,0.017,0,17.7003,0.1219,247,0.0136,0,12.1936,0.1578,247,0.019,0,15.7848
66,18179,154,0.207821443676949,0.000269394280622,0.1821,154,0.0239,0,18.21,0.2006,154,0.0225,0,20.0578,0.2048,154,0.0269,0,20.4819,0.2768,154,0.0444,0,27.6786,0,154,,,,0.5619,154,0.154,0,56.1903,0,154,,,,35,119,0.4697,0.1186,46.9652,0.6257,154,0.0397,0,62.5692,0.519,154,0.0582,0,51.9028,0.5042,154,0.0419,0,50.4202,0.3318,154,0.034,0,33.184,0.1913,154,0.0133,0,19.1273,0.155,154,0.009,0,15.4999,0.2317,154,0.0328,0,23.1662,0.3799,154,0.0734,0,37.9922,0.317,154,0.0831,0,31.6954,0.5142,154,0.1771,0,51.4195,0.4682,154,0.1135,0,46.8179,0.4224,148,0.059,6,42.243,,0,,154,,0.6713,154,0.0413,0,67.1347,0.3619,154,0.0505,0,36.1872,0.1746,154,0.0267,0,17.4573,0.1602,154,0.0209,0,16.0221,0.1275,154,0.0132,0,12.7469,0.1493,154,0.0286,0,14.9345,0.2596,154,0.0366,0,25.9628,0.4657,154,0.1381,0,46.5726,0.4583,154,0.1376,0,45.8276,0.3873,31,0.1314,123,38.7266,,0,,154,,0.3357,2,0.0126,152,33.5679,0.5898,154,0.1049,0,58.9754,0.3701,154,0.0459,0,37.0063,0.2074,154,0.0327,0,20.7374,0.1685,154,0.0169,0,16.8459,0.1188,154,0.0131,0,11.8828,0.1664,154,0.0217,0,16.635
67,16140,244,0.229376897215843,0.000818841275759,0.2063,244,0.0263,0,20.6274,0.202,244,0.0408,0,20.1983,0.1945,244,0.0345,0,19.4484,0.2709,244,0.0362,0,27.0937,0,244,,,,0.3685,244,0.1534,0,36.8546,0,244,,,,165,79,0.3695,0.0896,36.949,0.5899,244,0.1059,0,58.9889,0.6156,244,0.0492,0,61.5603,0.5294,244,0.076,0,52.9438,0.4121,244,0.0605,0,41.2147,0.2272,244,0.0241,0,22.7162,0.1724,244,0.0177,0,17.2367,0.2213,244,0.0341,0,22.1309,0.3593,244,0.0391,0,35.9269,0.3002,244,0.0415,0,30.0172,0.2944,244,0.1028,0,29.44,0.2779,229,0.0842,15,27.7942,0.3795,177,0.0481,67,37.95,,0,,244,,0.6628,244,0.0499,0,66.2816,0.3386,244,0.0623,0,33.8636,0.2152,244,0.0306,0,21.5177,0.1952,244,0.0305,0,19.5193,0.1489,244,0.0182,0,14.8917,0.1704,244,0.026,0,17.037,0.249,244,0.0274,0,24.9021,0.4361,244,0.0875,0,43.6119,0.3255,244,0.1089,0,32.5539,0.2155,244,0.0558,0,21.5548,0.3925,230,0.0734,14,39.248,0.3138,1,0.0,243,31.3828,0.7041,244,0.077,0,70.4125,0.381,244,0.0826,0,38.1018,0.222,244,0.0426,0,22.1961,0.1865,244,0.0317,0,18.6527,0.1266,244,0.0243,0,12.6607,0.1707,244,0.0272,0,17.0662
68,19191,140,0.233121812343597,0.000204463663977,0.2206,140,0.0143,0,22.0572,0.2119,140,0.0312,0,21.1911,0.2089,140,0.0262,0,20.8856,0.3101,140,0.0689,0,31.0128,0,140,,,,0.5875,140,0.1582,0,58.7508,0,140,,,,0,140,,,,0.3022,68,0.0633,72,30.2213,0.5284,140,0.0584,0,52.8414,0.5833,140,0.0452,0,58.3257,0.447,140,0.0431,0,44.7006,0.216,140,0.0158,0,21.6018,0.1713,140,0.0105,0,17.1331,0.2063,140,0.032,0,20.6312,0.4035,140,0.0681,0,40.3544,0.3116,140,0.0574,0,31.1562,0.6176,140,0.1381,0,61.7552,0.3498,12,0.0378,128,34.9823,0.3441,65,0.0801,75,34.4052,,0,,140,,0.6879,140,0.0543,0,68.7876,0.4513,140,0.0673,0,45.1299,0.2047,140,0.0184,0,20.4675,0.1921,140,0.0188,0,19.2061,0.1418,140,0.0124,0,14.1755,0.1735,140,0.0158,0,17.3453,0.2845,140,0.0596,0,28.454,0.5446,140,0.1119,0,54.4585,0.5341,140,0.1048,0,53.4127,0.3261,81,0.0642,59,32.6098,0.3759,139,0.0575,1,37.5865,0.4526,101,0.031,39,45.2556,0.5602,140,0.0566,0,56.0225,0.4381,140,0.0663,0,43.8124,0.2394,140,0.0379,0,23.9371,0.1991,140,0.0201,0,19.9143,0.138,140,0.0171,0,13.8004,0.1898,140,0.0246,0,18.9836
69,20268,103,0.217952400445938,0.000165948687936,0.1999,103,0.0162,0,19.9858,0.1972,103,0.0196,0,19.7173,0.1895,103,0.0219,0,18.9515,0.229,103,0.036,0,22.9012,0,103,,,,0.3375,103,0.1005,0,33.7496,0,103,,,,1,102,0.2663,0.0,26.6294,0.7116,103,0.0701,0,71.1556,0.5068,102,0.0865,1,50.684,0.5308,103,0.0576,0,53.0793,0.3503,103,0.0521,0,35.0346,0.2004,103,0.0116,0,20.0379,0.1611,103,0.0117,0,16.1122,0.1889,103,0.0302,0,18.8927,0.2767,103,0.0471,0,27.6675,0.2867,103,0.0414,0,28.6685,0.3443,103,0.0544,0,34.4297,0.3254,103,0.0767,0,32.5443,0.3898,103,0.0549,0,38.9759,,0,,103,,0.684,103,0.0474,0,68.3983,0.4045,103,0.0743,0,40.4548,0.2116,103,0.0157,0,21.1608,0.1955,103,0.0171,0,19.548,0.1471,103,0.0124,0,14.7088,0.1565,103,0.0252,0,15.6512,0.2503,103,0.0243,0,25.03,0.2685,103,0.0617,0,26.8544,0.3876,103,0.0795,0,38.7643,0.3755,103,0.1164,0,37.5511,0.4882,54,0.1091,49,48.8224,,0,,103,,0.7386,103,0.0611,0,73.864,0.4422,103,0.0598,0,44.2246,0.2621,103,0.0335,0,26.2114,0.1854,103,0.0178,0,18.5439,0.128,103,0.0148,0,12.7987,0.1537,103,0.0194,0,15.3716
70,19586,126,0.242328852415085,0.000143566125189,0.2322,126,0.0187,0,23.217,0.1972,126,0.0273,0,19.7208,0.2121,126,0.0231,0,21.2138,0.2524,126,0.0324,0,25.242,0,126,,,,0.3929,126,0.1328,0,39.2908,0,126,,,,0,126,,,,0.3274,5,0.0113,121,32.7356,0.4938,126,0.0488,0,49.377,0.5001,126,0.073,0,50.0097,0.3945,126,0.0565,0,39.4506,0.2202,126,0.0161,0,22.0249,0.1703,126,0.0105,0,17.0304,0.1919,126,0.0255,0,19.1947,0.2579,126,0.056,0,25.7894,0.1952,115,0.0419,11,19.5162,0.5092,126,0.0803,0,50.9222,,0,,126,,0.2921,78,0.0492,48,29.2133,0.4791,48,0.084,78,47.9115,0.7015,126,0.0601,0,70.1475,0.4995,126,0.0447,0,49.9466,0.2454,126,0.0303,0,24.538,0.2414,126,0.0269,0,24.1435,0.1549,126,0.0112,0,15.4946,0.1771,126,0.0148,0,17.7103,0.2354,126,0.0286,0,23.539,0.3341,126,0.1239,0,33.4051,0.357,126,0.0826,0,35.6989,0.2939,71,0.0572,55,29.3869,0.4436,124,0.0797,2,44.3645,0.4484,109,0.0306,17,44.8389,0.6087,126,0.0508,0,60.8674,0.4378,126,0.0676,0,43.7829,0.2683,126,0.0429,0,26.8293,0.2208,126,0.0238,0,22.0768,0.1454,126,0.0149,0,14.5357,0.1566,126,0.0254,0,15.6611
71,19694,312,0.247769996523857,0.001144525711425,0.2058,312,0.028,0,20.5758,0.2268,312,0.0466,0,22.6831,0.2258,312,0.0473,0,22.5799,0.3042,312,0.0659,0,30.4226,0,312,,,,0.4778,312,0.1966,0,47.7767,7,305,0.331,0.1405,33.0959,14,298,0.3979,0.0589,39.7887,0.6512,312,0.0559,0,65.1241,0.4632,287,0.0967,25,46.3171,0.5033,312,0.0668,0,50.3315,0.3604,312,0.0689,0,36.0407,0.2131,312,0.025,0,21.3107,0.1731,312,0.0217,0,17.3087,0.2382,312,0.061,0,23.8242,0.3594,312,0.0865,0,35.9405,0.3265,312,0.0794,0,32.6502,0.4956,312,0.1546,0,49.558,0.3459,312,0.1158,0,34.5884,0.3796,294,0.069,18,37.9575,,0,,312,,0.6826,312,0.0578,0,68.2601,0.4292,312,0.0603,0,42.9166,0.2396,312,0.0377,0,23.9594,0.2208,312,0.0391,0,22.0845,0.161,312,0.0276,0,16.1048,0.1668,312,0.0371,0,16.6846,0.2738,311,0.0407,1,27.3839,0.4552,312,0.1302,0,45.5231,0.441,312,0.105,0,44.1016,0.4208,238,0.1157,74,42.0831,0.4672,94,0.1047,218,46.7194,0.3639,10,0.0105,302,36.3857,0.7043,312,0.0841,0,70.4334,0.4503,312,0.0624,0,45.0288,0.2708,312,0.0464,0,27.0774,0.2045,312,0.0355,0,20.4467,0.1469,312,0.0309,0,14.6946,0.1863,312,0.0343,0,18.6253
72,20669,104,0.25483039021492,0.000551353383344,0.2169,104,0.0228,0,21.687,0.2049,104,0.031,0,20.4868,0.2007,104,0.0314,0,20.0735,0.2748,104,0.0321,0,27.483,0,104,,,,0.4645,104,0.1135,0,46.4512,0,104,,,,59,45,0.3411,0.0737,34.1111,0.589,104,0.0936,0,58.8987,0.5498,104,0.0898,0,54.9755,0.5157,104,0.0739,0,51.5676,0.4309,104,0.0387,0,43.0861,0.2378,104,0.0186,0,23.78,0.1762,104,0.0151,0,17.619,0.2304,104,0.0357,0,23.0398,0.3762,104,0.0395,0,37.6225,0.3201,104,0.0291,0,32.0063,0.2826,104,0.0603,0,28.2561,0.2477,100,0.0551,4,24.7676,0.3838,87,0.0583,17,38.3799,,0,,104,,0.681,104,0.0644,0,68.1005,0.3923,104,0.0352,0,39.227,0.2265,104,0.021,0,22.6465,0.2142,104,0.0358,0,21.4235,0.15,104,0.0206,0,15.0034,0.1637,104,0.0339,0,16.3742,0.283,104,0.0242,0,28.301,0.5228,104,0.0713,0,52.2844,0.4628,104,0.0575,0,46.2771,0.2635,104,0.1087,0,26.3493,0.4399,103,0.1159,1,43.9867,,0,,104,,0.724,104,0.091,0,72.3958,0.4889,104,0.0546,0,48.8866,0.2724,104,0.0367,0,27.2401,0.2108,104,0.0295,0,21.0793,0.1433,104,0.0264,0,14.3305,0.1817,104,0.0303,0,18.166
73,20534,115,0.212127715349197,0.000148463674122,0.1937,115,0.0167,0,19.3666,0.1815,115,0.0232,0,18.153,0.203,115,0.0245,0,20.3031,0.2564,115,0.0366,0,25.6429,0,115,,,,0.6044,115,0.0847,0,60.4422,0,115,,,,11,104,0.267,0.0248,26.698,,0,,115,,0.4148,115,0.0424,0,41.4814,0.5317,115,0.0436,0,53.1684,0.3519,115,0.0687,0,35.1876,0.1958,115,0.0152,0,19.5761,0.1569,115,0.0112,0,15.6885,0.1723,115,0.0203,0,17.2339,0.302,115,0.0514,0,30.1985,0.1786,29,0.0392,86,17.8581,0.516,115,0.0982,0,51.5998,,0,,115,,0.2683,70,0.0351,45,26.8264,0.3759,8,0.0762,107,37.5907,0.6797,115,0.0552,0,67.9673,0.4121,115,0.0472,0,41.2127,0.1908,115,0.0229,0,19.0791,0.1978,115,0.0257,0,19.7834,0.1483,115,0.0102,0,14.8262,0.1569,115,0.0151,0,15.6942,0.2264,115,0.0256,0,22.6383,0.4635,115,0.1217,0,46.3516,0.4296,115,0.1089,0,42.9647,0.3223,79,0.1412,36,32.2342,0.4314,114,0.0894,1,43.1375,0.4439,115,0.0427,0,44.3872,0.5983,115,0.0538,0,59.83,0.365,115,0.051,0,36.4966,0.2162,115,0.0273,0,21.6202,0.1776,115,0.0156,0,17.7616,0.1217,115,0.0099,0,12.165,0.1532,115,0.0205,0,15.3176
74,18269,211,0.22629588842392,0.000103332880826,0.2192,211,0.0197,0,21.9198,0.2032,211,0.0273,0,20.325,0.2036,211,0.0243,0,20.359,0.2872,211,0.0754,0,28.7201,0,211,,,,0.5054,211,0.1831,0,50.5383,0,211,,,,1,210,0.2116,0.0,21.1632,0.3351,70,0.0503,141,33.5109,0.5343,211,0.055,0,53.4321,0.5638,211,0.0676,0,56.3811,0.4315,211,0.0467,0,43.1503,0.2179,211,0.0167,0,21.7924,0.1704,211,0.0088,0,17.0376,0.2063,211,0.032,0,20.6343,0.3348,211,0.1273,0,33.4774,0.2735,211,0.0815,0,27.352,0.5694,211,0.143,0,56.9419,0.3338,8,0.0089,203,33.3826,0.3739,79,0.1394,132,37.3937,0.438,6,0.011,205,43.7954,0.6628,211,0.0775,0,66.284,0.47,211,0.0526,0,47.0037,0.2049,211,0.0252,0,20.4882,0.1897,211,0.022,0,18.97,0.1412,211,0.012,0,14.1175,0.1656,211,0.0154,0,16.5581,0.2536,211,0.0792,0,25.3571,0.4265,211,0.1708,0,42.6537,0.4826,211,0.1304,0,48.2641,0.2809,133,0.0549,78,28.0879,0.361,208,0.0463,3,36.0956,0.4325,115,0.0324,96,43.2499,0.5534,211,0.0706,0,55.3385,0.4409,211,0.0848,0,44.0901,0.2682,211,0.0533,0,26.8197,0.2037,211,0.0146,0,20.3699,0.1369,211,0.0098,0,13.6935,0.1749,211,0.0307,0,17.4934
75,18780,231,0.207326084375381,9.1685418738e-05,0.1923,231,0.0118,0,19.2256,0.1754,231,0.0129,0,17.5422,0.1709,231,0.0135,0,17.0928,0.2339,231,0.0262,0,23.3893,0,231,,,,0.2867,231,0.0922,0,28.6744,0,231,,,,106,125,0.3626,0.0627,36.2646,0.6532,231,0.0587,0,65.3171,0.5962,231,0.0633,0,59.6174,0.493,231,0.0654,0,49.2985,0.3632,231,0.042,0,36.3225,0.2055,231,0.0138,0,20.5529,0.1586,231,0.0108,0,15.8567,0.191,231,0.0187,0,19.1035,0.3323,231,0.032,0,33.2254,0.294,231,0.0379,0,29.3953,0.3154,231,0.1293,0,31.5444,0.223,228,0.0838,3,22.3033,0.3678,226,0.041,5,36.7791,,0,,231,,0.6866,231,0.0419,0,68.6644,0.3158,231,0.0561,0,31.5774,0.1943,231,0.0147,0,19.427,0.1808,231,0.0132,0,18.0844,0.1375,231,0.0085,0,13.7544,0.1706,231,0.0248,0,17.0644,0.2248,231,0.0281,0,22.4816,0.3465,231,0.1503,0,34.6523,0.2927,231,0.1043,0,29.2731,0.2667,231,0.0937,0,26.6674,0.4615,205,0.1192,26,46.1536,,0,,231,,0.7066,231,0.0839,0,70.6624,0.3836,231,0.0832,0,38.3632,0.2169,231,0.0302,0,21.6892,0.1755,231,0.0158,0,17.5521,0.1192,231,0.0122,0,11.9165,0.1546,231,0.0163,0,15.4568
76,22162,161,0.233547732234001,0.000129550695419,0.2075,161,0.0142,0,20.753,0.1847,161,0.0156,0,18.4748,0.182,161,0.0144,0,18.2035,0.2573,161,0.0188,0,25.7276,0,161,,,,0.4665,161,0.1257,0,46.6502,0,161,,,,131,30,0.3784,0.0611,37.8425,0.6427,161,0.0506,0,64.2704,0.6185,161,0.0648,0,61.8473,0.4888,161,0.0448,0,48.8771,0.4097,161,0.0409,0,40.9721,0.2189,161,0.0115,0,21.8874,0.1655,161,0.0091,0,16.5475,0.1999,161,0.0147,0,19.9925,0.3592,161,0.0271,0,35.9206,0.2923,161,0.027,0,29.2307,0.3316,161,0.0962,0,33.1619,0.1775,161,0.0338,0,17.7534,0.3775,161,0.046,0,37.747,,0,,161,,0.71,161,0.0375,0,70.9962,0.3576,161,0.0466,0,35.7622,0.2105,161,0.0154,0,21.0482,0.2019,161,0.0159,0,20.1915,0.1437,161,0.0122,0,14.369,0.1337,161,0.0212,0,13.3714,0.2491,159,0.0255,2,24.9055,0.5305,161,0.0896,0,53.0457,0.422,161,0.094,0,42.2005,0.3079,161,0.1472,0,30.7933,0.5579,160,0.1137,1,55.7902,0.3803,2,0.0014,159,38.0263,0.6687,161,0.1111,0,66.8747,0.4967,161,0.0638,0,49.6669,0.2441,161,0.0306,0,24.4083,0.1873,161,0.0145,0,18.7312,0.1271,161,0.0141,0,12.7061,0.174,161,0.0162,0,17.3982
77,22571,258,0.270974487066269,0.001023207209073,0.2483,258,0.0297,0,24.8274,0.2685,258,0.0357,0,26.8545,0.2573,258,0.0375,0,25.7341,0.362,258,0.0849,0,36.1965,0,258,,,,0.6259,258,0.1261,0,62.5871,0,258,,,,3,255,0.2952,0.0992,29.5219,0.4189,72,0.0419,186,41.8853,0.5143,257,0.0873,1,51.4332,0.6127,258,0.065,0,61.2707,0.5002,258,0.0556,0,50.017,0.242,258,0.0293,0,24.1954,0.1913,258,0.0201,0,19.1307,0.2621,258,0.0468,0,26.2071,0.4519,258,0.0874,0,45.1855,0.3344,258,0.0693,0,33.4352,0.6313,258,0.1405,0,63.1305,0.1014,6,0.0334,252,10.1377,0.4,138,0.1088,120,39.998,,0,,258,,0.7016,258,0.0564,0,70.1627,0.5326,258,0.062,0,53.2562,0.2294,258,0.0339,0,22.9355,0.2187,258,0.0433,0,21.8672,0.1607,258,0.0239,0,16.0673,0.1842,258,0.0284,0,18.4163,0.3299,258,0.069,0,32.993,0.6011,258,0.095,0,60.1054,0.5926,258,0.1054,0,59.2581,0.3459,140,0.0598,118,34.586,0.4288,257,0.0701,1,42.879,0.4433,123,0.024,135,44.3256,0.5415,258,0.0854,0,54.147,0.4737,258,0.1172,0,47.3733,0.3473,258,0.0845,0,34.7261,0.2292,258,0.0298,0,22.9192,0.1598,258,0.023,0,15.977,0.2149,258,0.0362,0,21.4891
78,22552,109,0.261799812316895,0.000683457765263,0.2321,109,0.0224,0,23.2137,0.2031,109,0.0344,0,20.3103,0.2095,109,0.032,0,20.9462,0.268,109,0.0395,0,26.7969,0,109,,,,0.5179,109,0.1347,0,51.7901,0,109,,,,69,40,0.4573,0.1184,45.7299,0.5244,109,0.0626,0,52.4385,0.6433,109,0.0536,0,64.3301,0.5149,109,0.0555,0,51.4944,0.4561,109,0.0355,0,45.6072,0.2493,109,0.0169,0,24.9335,0.1851,109,0.0141,0,18.5056,0.2425,109,0.0433,0,24.2529,0.3491,109,0.0691,0,34.9099,0.2786,109,0.05,0,27.8603,0.4121,109,0.1451,0,41.2092,0.2184,75,0.0616,34,21.8364,0.302,96,0.0832,13,30.2037,,0,,109,,0.7122,109,0.05,0,71.2236,0.4257,109,0.0585,0,42.5692,0.2343,109,0.0306,0,23.4341,0.2193,109,0.0327,0,21.9295,0.1487,109,0.0148,0,14.8713,0.1462,109,0.0251,0,14.6249,0.2615,105,0.0407,4,26.1527,0.5105,109,0.1082,0,51.0457,0.4532,109,0.1083,0,45.3176,0.3536,109,0.1239,0,35.3639,0.5389,109,0.1138,0,53.8876,0.3867,1,0.0,108,38.6729,0.6379,109,0.0893,0,63.7852,0.5132,109,0.0429,0,51.3198,0.299,109,0.0504,0,29.8972,0.2117,109,0.0279,0,21.1656,0.1434,109,0.021,0,14.344,0.1877,109,0.0316,0,18.7667
79,19560,341,0.29050624370575,0.002283971523866,0.2695,341,0.0408,0,26.9455,0.2471,341,0.0635,0,24.7056,0.2309,341,0.0537,0,23.0939,0.3037,341,0.0743,0,30.375,0,341,,,,0.5448,341,0.1421,0,54.4752,0,341,,,,59,282,0.4122,0.1573,41.219,0.4743,324,0.0711,17,47.4345,0.5871,341,0.0637,0,58.7107,0.5552,341,0.0756,0,55.5152,0.4989,341,0.0488,0,49.8937,0.2714,341,0.0358,0,27.1447,0.2044,341,0.0268,0,20.4428,0.2794,341,0.0605,0,27.9353,0.3857,341,0.0785,0,38.5679,0.3031,341,0.054,0,30.3114,0.4554,341,0.1715,0,45.542,0.211,70,0.0842,271,21.1029,0.3142,158,0.0704,183,31.4189,,0,,341,,0.6724,341,0.0677,0,67.2378,0.4777,341,0.0612,0,47.7736,0.2574,341,0.0587,0,25.7402,0.2427,341,0.0633,0,24.2739,0.1582,341,0.0246,0,15.8219,0.1884,341,0.0417,0,18.8351,0.2918,339,0.0486,2,29.1805,0.54,341,0.0939,0,54.005,0.4989,341,0.1084,0,49.8923,0.387,339,0.1235,2,38.7023,0.4407,341,0.1241,0,44.0692,0.4525,84,0.0316,257,45.2489,0.581,341,0.0639,0,58.1023,0.475,341,0.0789,0,47.4985,0.333,341,0.0653,0,33.2958,0.2408,341,0.0491,0,24.0794,0.1661,341,0.0423,0,16.61,0.2033,341,0.0454,0,20.3343
80,19790,270,0.259472906589508,0.001183477928862,0.2362,270,0.0293,0,23.6244,0.2283,270,0.0508,0,22.8342,0.23,270,0.0373,0,22.9953,0.2691,270,0.0573,0,26.9116,0,270,,,,0.5761,270,0.1177,0,57.6057,0,270,,,,109,161,0.5242,0.086,52.4207,,0,,270,,0.4913,270,0.0619,0,49.1254,0.5589,270,0.0499,0,55.8902,0.437,270,0.0587,0,43.7031,0.2305,270,0.0274,0,23.0492,0.1791,270,0.0223,0,17.9058,0.2173,270,0.048,0,21.7265,0.3531,270,0.0655,0,35.3137,0.3269,66,0.0619,204,32.6942,0.6001,270,0.1092,0,60.0099,,0,,270,,0.2411,102,0.0308,168,24.1077,0.1277,1,0.0,269,12.7726,0.6716,270,0.0891,0,67.1608,0.466,270,0.0652,0,46.5969,0.2172,270,0.0311,0,21.7203,0.2491,270,0.0526,0,24.9114,0.1741,270,0.0268,0,17.4099,0.1849,270,0.0364,0,18.4936,0.2627,270,0.0447,0,26.2735,0.4203,270,0.1531,0,42.0256,0.4186,270,0.1217,0,41.8593,0.492,261,0.1405,9,49.1962,0.4985,268,0.1245,2,49.8464,0.4443,268,0.0343,2,44.4274,0.6425,270,0.0709,0,64.2481,0.4479,270,0.0709,0,44.7932,0.2899,270,0.0525,0,28.9896,0.215,270,0.0331,0,21.4991,0.1452,270,0.0273,0,14.5222,0.1797,270,0.0308,0,17.9713
81,23715,160,0.397727012634277,0.003943245392293,0.357,160,0.059,0,35.6997,0.3826,160,0.0637,0,38.2573,0.3799,160,0.07,0,37.9914,0.4722,160,0.0752,0,47.2226,0,160,,,,0.6621,160,0.0834,0,66.209,2,158,0.3951,0.0345,39.511,4,156,0.213,0.0254,21.3009,0.4632,25,0.0175,135,46.3211,0.5356,160,0.0486,0,53.5645,0.6757,160,0.0632,0,67.5693,0.6185,160,0.0636,0,61.8461,0.3637,160,0.0474,0,36.3702,0.2577,160,0.0388,0,25.7733,0.4058,160,0.0927,0,40.5802,0.5346,160,0.0756,0,53.4637,0.3996,160,0.054,0,39.964,0.721,160,0.0812,0,72.0969,,0,,160,,0.4235,52,0.0335,108,42.3548,,0,,160,,0.7297,160,0.0482,0,72.9745,0.6218,160,0.0598,0,62.183,0.3391,160,0.0559,0,33.9133,0.3476,160,0.0678,0,34.7637,0.2138,160,0.0302,0,21.3802,0.2557,160,0.0367,0,25.5724,0.3954,160,0.0483,0,39.5357,0.666,160,0.0511,0,66.6035,0.6568,160,0.0811,0,65.6806,0.3374,91,0.0971,69,33.7422,0.5131,160,0.0764,0,51.31,0.4234,68,0.0213,92,42.3416,0.5728,160,0.06,0,57.2751,0.5235,160,0.0767,0,52.3478,0.4752,160,0.0661,0,47.5171,0.318,160,0.0478,0,31.7975,0.2219,160,0.0427,0,22.1861,0.2914,160,0.0467,0,29.1397
82,23346,131,0.222762674093246,0.000488486664835,0.2125,131,0.022,0,21.2475,0.2111,131,0.0318,0,21.1136,0.205,131,0.0339,0,20.5038,0.2585,131,0.0454,0,25.8453,0,131,,,,0.507,131,0.1261,0,50.7026,0,131,,,,63,68,0.4691,0.1004,46.9123,,0,,131,,0.4184,129,0.0506,2,41.8375,0.4362,131,0.0777,0,43.6249,0.3669,131,0.066,0,36.6868,0.2137,131,0.0242,0,21.3685,0.1567,131,0.0107,0,15.6743,0.1791,131,0.0303,0,17.9055,0.3215,131,0.0584,0,32.1518,0.1983,87,0.05,44,19.8309,0.3867,131,0.1238,0,38.6734,,0,,131,,0.2539,4,0.0093,127,25.3941,,0,,131,,0.6797,131,0.0632,0,67.9721,0.4043,131,0.0687,0,40.4273,0.197,131,0.0245,0,19.6958,0.2024,131,0.0231,0,20.2437,0.1508,131,0.0104,0,15.0806,0.1654,131,0.0155,0,16.5357,0.2457,131,0.0312,0,24.5675,0.5877,131,0.0354,0,58.7711,0.5505,131,0.0547,0,55.0457,0.3713,107,0.1657,24,37.1291,0.4078,131,0.0827,0,40.7834,0.4195,128,0.0404,3,41.9543,0.6046,131,0.0868,0,60.4587,0.3441,131,0.0734,0,34.4118,0.214,131,0.0359,0,21.3983,0.1784,131,0.0176,0,17.8403,0.1214,131,0.012,0,12.1445,0.1595,131,0.0207,0,15.9531
83,24074,105,0.334680467844009,0.001156953629106,0.302,105,0.0366,0,30.1984,0.3145,105,0.0413,0,31.4486,0.3207,105,0.0432,0,32.0718,0.3596,105,0.0513,0,35.9588,0,105,,,,0.6024,105,0.1021,0,60.2388,0,105,,,,10,95,0.5799,0.054,57.9897,0.4627,105,0.0226,0,46.2743,0.6447,105,0.0497,0,64.4659,0.6489,105,0.0375,0,64.8891,0.5713,105,0.0322,0,57.1344,0.2896,105,0.0249,0,28.964,0.2232,105,0.0206,0,22.3194,0.3245,105,0.0416,0,32.4455,0.4074,105,0.0503,0,40.7378,0.3186,105,0.0323,0,31.8646,0.5337,105,0.1052,0,53.3665,0.2326,6,0.0506,99,23.2619,0.3032,61,0.0528,44,30.319,,0,,105,,0.7141,105,0.0492,0,71.4056,0.5165,105,0.0487,0,51.6544,0.2823,105,0.0498,0,28.2277,0.2624,105,0.058,0,26.2374,0.1739,105,0.0269,0,17.3948,0.1976,105,0.0344,0,19.7615,0.292,105,0.0309,0,29.2029,0.5298,105,0.0709,0,52.982,0.4622,105,0.0953,0,46.2239,0.317,105,0.0576,0,31.7009,0.4287,105,0.1397,0,42.8677,,0,,105,,0.5834,105,0.049,0,58.3361,0.4068,105,0.0718,0,40.6838,0.3881,105,0.054,0,38.8096,0.2665,105,0.039,0,26.6527,0.1765,105,0.037,0,17.6531,0.2188,105,0.0331,0,21.8848
84,24244,106,0.234635755419731,0.000170612329384,0.2179,106,0.0183,0,21.7879,0.1927,106,0.0213,0,19.2739,0.1937,106,0.0232,0,19.3696,0.2387,106,0.0289,0,23.8682,0,106,,,,0.5218,106,0.1131,0,52.1774,0,106,,,,106,0,0.5339,0.0832,53.3872,0.502,106,0.0474,0,50.1952,0.6727,106,0.0454,0,67.2658,0.5079,106,0.0677,0,50.787,0.4439,106,0.0324,0,44.389,0.2226,106,0.014,0,22.2603,0.1672,106,0.009,0,16.7224,0.207,106,0.0189,0,20.7032,0.3346,106,0.0378,0,33.4622,0.2757,106,0.0248,0,27.566,0.3769,106,0.1137,0,37.6891,0.1561,94,0.0705,12,15.6109,0.2623,102,0.0609,4,26.2298,,0,,106,,0.6748,106,0.0649,0,67.4807,0.3865,106,0.0565,0,38.6539,0.1954,106,0.0235,0,19.5442,0.1806,106,0.0214,0,18.0614,0.1333,106,0.0074,0,13.3302,0.1355,106,0.0102,0,13.5508,0.2125,104,0.0343,2,21.2474,0.4892,106,0.0749,0,48.9152,0.3928,106,0.1126,0,39.2772,0.2431,106,0.0796,0,24.3132,0.4258,106,0.1166,0,42.5751,0.3858,5,0.0376,101,38.5811,0.6469,106,0.0729,0,64.6936,0.4563,106,0.0487,0,45.6264,0.2668,106,0.0314,0,26.6804,0.1916,106,0.0152,0,19.1629,0.1292,106,0.0096,0,12.916,0.1661,106,0.0141,0,16.6104
85,26307,103,0.243412405252457,0.00020060352108,0.2307,103,0.0219,0,23.0736,0.2087,103,0.0228,0,20.8709,0.2088,103,0.0209,0,20.8794,0.2492,103,0.0251,0,24.9238,0,103,,,,0.5498,103,0.1071,0,54.9801,0,103,,,,100,3,0.4862,0.0713,48.6191,0.4341,64,0.1032,39,43.4146,0.6022,103,0.0524,0,60.2175,0.5508,103,0.0663,0,55.0811,0.4446,103,0.0418,0,44.465,0.2167,103,0.0144,0,21.666,0.1706,103,0.0115,0,17.0612,0.2036,103,0.0227,0,20.3612,0.299,103,0.0428,0,29.9015,0.269,103,0.0292,0,26.9025,0.4333,103,0.1411,0,43.3291,0.1909,73,0.0743,30,19.0882,0.3028,103,0.0624,0,30.2794,,0,,103,,0.6341,103,0.075,0,63.4138,0.4059,103,0.0605,0,40.5943,0.2111,103,0.0315,0,21.1122,0.1764,103,0.016,0,17.64,0.1392,103,0.0101,0,13.9244,0.1364,103,0.0132,0,13.6434,0.2088,103,0.0298,0,20.881,0.4156,103,0.0749,0,41.5578,0.3948,103,0.0903,0,39.4802,0.2892,103,0.0743,0,28.9196,0.4243,103,0.1098,0,42.4256,0.4184,1,0.0,102,41.8375,0.6632,103,0.0505,0,66.3178,0.5205,103,0.042,0,52.0492,0.2939,103,0.0266,0,29.3941,0.2062,103,0.0159,0,20.6184,0.1386,103,0.015,0,13.8619,0.1727,103,0.0179,0,17.2687
86,25012,259,0.273725688457489,0.001018753391691,0.2492,259,0.0282,0,24.9204,0.2447,259,0.0435,0,24.4689,0.2517,259,0.0482,0,25.1724,0.2827,259,0.0584,0,28.273,0,259,,,,0.5132,259,0.1398,0,51.319,0,259,,,,43,216,0.4763,0.0685,47.632,0.4283,241,0.0368,18,42.8335,0.5898,259,0.0471,0,58.9804,0.5741,259,0.0428,0,57.4072,0.499,259,0.0487,0,49.902,0.2345,259,0.026,0,23.4456,0.1831,259,0.0215,0,18.306,0.2466,259,0.049,0,24.6577,0.3778,259,0.0598,0,37.7811,0.3107,259,0.0411,0,31.0725,0.5131,259,0.1167,0,51.3106,0.1231,11,0.0639,248,12.3139,0.3065,208,0.0525,51,30.6455,,0,,259,,0.6876,259,0.0679,0,68.7609,0.4784,259,0.0557,0,47.8438,0.2303,259,0.0349,0,23.0347,0.2176,259,0.0427,0,21.7609,0.1584,259,0.0194,0,15.8395,0.1713,259,0.0273,0,17.1348,0.252,259,0.0352,0,25.203,0.3872,259,0.1094,0,38.7228,0.3687,259,0.1157,0,36.8688,0.3396,259,0.0836,0,33.9582,0.3711,259,0.1096,0,37.109,0.3788,16,0.0113,243,37.8771,0.6223,259,0.0835,0,62.2311,0.4595,259,0.073,0,45.9484,0.3202,259,0.0478,0,32.019,0.2236,259,0.0322,0,22.3633,0.1498,259,0.0278,0,14.9818,0.1942,259,0.0325,0,19.4158
87,27465,115,0.258843302726746,0.000919873244129,0.2138,115,0.0315,0,21.3799,0.2296,115,0.0389,0,22.9619,0.2443,115,0.0413,0,24.4252,0.29,115,0.0503,0,28.9989,0,115,,,,0.5504,115,0.1227,0,55.0392,0,115,,,,6,109,0.49,0.0542,48.9989,0.3437,39,0.0918,76,34.3696,0.5606,115,0.1168,0,56.0626,0.5327,115,0.075,0,53.2664,0.4455,115,0.0628,0,44.5453,0.2223,115,0.0191,0,22.2345,0.1783,115,0.0162,0,17.832,0.2191,115,0.0363,0,21.907,0.3966,115,0.048,0,39.6551,0.3077,115,0.0463,0,30.7694,0.4557,115,0.1162,0,45.5653,,0,,115,,0.3023,9,0.0138,106,30.2346,,0,,115,,0.6578,115,0.0654,0,65.782,0.4437,115,0.0695,0,44.3658,0.2507,115,0.0449,0,25.0688,0.2229,115,0.0346,0,22.2864,0.1585,115,0.0157,0,15.8537,0.1692,115,0.0265,0,16.9219,0.2276,115,0.0339,0,22.7585,0.4383,115,0.0898,0,43.8309,0.4701,115,0.1077,0,47.0136,0.3289,115,0.0903,0,32.8933,0.4243,115,0.0827,0,42.4256,0.4485,13,0.0161,102,44.8534,0.5064,115,0.0697,0,50.6448,0.4048,115,0.0701,0,40.4843,0.3069,115,0.0475,0,30.6935,0.2062,115,0.0289,0,20.6191,0.1378,115,0.0206,0,13.7762,0.197,115,0.0273,0,19.6971
88,28571,310,0.242870181798935,0.000768229423556,0.2117,310,0.0218,0,21.1661,0.203,310,0.0343,0,20.3036,0.2124,310,0.0416,0,21.2356,0.2833,310,0.0595,0,28.3306,0,310,,,,0.4919,310,0.1308,0,49.1872,0,310,,,,227,83,0.5421,0.1106,54.2134,0.2252,64,0.0518,246,22.522,0.3637,310,0.14,0,36.3656,0.3597,310,0.0934,0,35.9658,0.3311,310,0.0732,0,33.1119,0.229,310,0.0211,0,22.8982,0.1856,310,0.0204,0,18.5643,0.1915,310,0.0416,0,19.1455,0.3236,310,0.0716,0,32.358,0.2761,310,0.0404,0,27.6104,0.41,310,0.1537,0,41.004,,0,,310,,0.3573,140,0.0484,170,35.7263,,0,,310,,0.6834,310,0.0476,0,68.3433,0.3834,310,0.0984,0,38.338,0.2569,310,0.046,0,25.6898,0.2003,310,0.0305,0,20.0287,0.1433,310,0.0159,0,14.3275,0.1507,310,0.0231,0,15.0704,0.2471,310,0.0413,0,24.7063,0.3527,310,0.093,0,35.2669,0.3062,310,0.169,0,30.6174,0.2138,310,0.0504,0,21.3778,0.334,310,0.104,0,33.3959,0.4161,187,0.0396,123,41.6058,0.6455,310,0.1362,0,64.5544,0.4322,310,0.0983,0,43.2245,0.2983,310,0.0526,0,29.8272,0.2044,310,0.0281,0,20.4353,0.136,310,0.022,0,13.5968,0.2003,310,0.0265,0,20.0283
