{"class_name": "Sequential", "config": [{"class_name": "Dense", "config": {"name": "dense_1", "trainable": true, "batch_input_shape": [null, 3], "input_dtype": "float32", "output_dim": 30, "init": "normal", "activation": "linear", "W_regularizer": null, "b_regularizer": null, "activity_regularizer": null, "W_constraint": null, "b_constraint": null, "bias": true, "input_dim": 3}}, {"class_name": "Dense", "config": {"name": "dense_2", "trainable": true, "batch_input_shape": [null, 3], "input_dtype": "float32", "output_dim": 30, "init": "normal", "activation": "sigmoid", "W_regularizer": null, "b_regularizer": null, "activity_regularizer": null, "W_constraint": null, "b_constraint": null, "bias": true, "input_dim": 3}}, {"class_name": "Dense", "config": {"name": "dense_3", "trainable": true, "output_dim": 1, "init": "normal", "activation": "linear", "W_regularizer": null, "b_regularizer": null, "activity_regularizer": null, "W_constraint": null, "b_constraint": null, "bias": true, "input_dim": null}}], "keras_version": "1.1.2"}